Exact_HXB2_coordinate	HXB2_anchor	Plot_coordinate	Coordinate_class	Genes	A>C	A>G	A>T	C>A	C>G	C>T	G>A	G>C	G>T	T>A	T>C	T>G	Total_SNP_clone_calls
499	499	499.000	HXB2_base	intergenic_or_unassigned	0	0	0	0	0	0	0	0	0	0	1	0	1
500	500	500.000	HXB2_base	intergenic_or_unassigned	0	1	0	0	0	0	0	0	0	0	0	0	1
521	521	521.000	HXB2_base	intergenic_or_unassigned	0	2	0	0	0	0	0	0	0	0	0	0	2
538	538	538.000	HXB2_base	intergenic_or_unassigned	0	0	0	0	0	1	0	0	0	0	0	0	1
597	597	597.000	HXB2_base	intergenic_or_unassigned	0	0	0	0	0	1	0	0	0	0	0	0	1
607	607	607.000	HXB2_base	intergenic_or_unassigned	0	0	0	0	0	0	0	0	0	0	1	0	1
610	610	610.000	HXB2_base	intergenic_or_unassigned	0	4	0	0	0	0	0	0	0	0	0	0	4
654	654	654.000	HXB2_base	intergenic_or_unassigned	0	0	0	0	0	3	0	0	0	0	0	0	3
668	668	668.000	HXB2_base	intergenic_or_unassigned	0	0	0	0	0	0	3	0	0	0	0	0	3
694	694	694.000	HXB2_base	intergenic_or_unassigned	0	0	0	0	0	0	1	0	0	0	0	0	1
708	708	708.000	HXB2_base	intergenic_or_unassigned	0	0	0	0	0	0	1	0	0	0	0	0	1
717	717	717.000	HXB2_base	intergenic_or_unassigned	0	0	0	0	0	0	0	0	2	0	0	0	2
720	720	720.000	HXB2_base	intergenic_or_unassigned	0	0	0	0	0	0	1	0	0	0	0	0	1
808	808	808.000	HXB2_base	gag	0	1	0	0	0	0	0	0	0	0	0	0	1
816	816	816.000	HXB2_base	gag	1	0	0	0	0	0	0	0	0	0	0	2	3
819	819	819.000	HXB2_base	gag	0	0	0	0	0	0	3	0	0	0	0	0	3
822	822	822.000	HXB2_base	gag	0	0	0	0	0	0	1	0	0	0	0	0	1
840	840	840.000	HXB2_base	gag	0	0	0	0	0	0	5	0	0	0	0	0	5
855	855	855.000	HXB2_base	gag	0	0	0	0	0	0	1	0	0	0	0	0	1
856	856	856.000	HXB2_base	gag	0	0	0	0	0	1	0	0	0	0	0	0	1
879	879	879.000	HXB2_base	gag	0	5	0	0	0	0	0	0	0	0	0	0	5
882	882	882.000	HXB2_base	gag	0	5	0	0	0	0	0	0	0	0	0	0	5
886	886	886.000	HXB2_base	gag	0	0	0	0	0	1	0	0	0	0	0	0	1
910	910	910.000	HXB2_base	gag	0	0	0	0	0	5	0	0	0	0	0	0	5
930	930	930.000	HXB2_base	gag	0	0	0	0	0	3	0	0	0	0	0	0	3
949	949	949.000	HXB2_base	gag	0	0	0	0	0	0	0	0	0	0	0	5	5
950	950	950.000	HXB2_base	gag	0	0	0	0	5	0	0	0	0	0	0	0	5
956	956	956.000	HXB2_base	gag	0	0	0	0	0	0	1	0	0	0	0	0	1
969	969	969.000	HXB2_base	gag	0	6	0	0	0	0	0	0	0	0	0	0	6
975	975	975.000	HXB2_base	gag	0	0	0	0	0	1	0	0	0	0	0	0	1
983	983	983.000	HXB2_base	gag	0	1	0	0	0	0	0	0	0	0	0	0	1
985	985	985.000	HXB2_base	gag	0	0	0	4	0	1	0	0	0	0	0	0	5
1002	1002	1002.000	HXB2_base	gag	0	0	0	0	0	0	5	0	0	0	0	0	5
1008	1008	1008.000	HXB2_base	gag	0	0	0	0	0	0	5	0	0	0	0	0	5
1026	1026	1026.000	HXB2_base	gag	0	0	0	0	0	0	0	0	0	0	5	0	5
1029	1029	1029.000	HXB2_base	gag	0	0	0	0	0	3	0	0	0	0	0	0	3
1030	1030	1030.000	HXB2_base	gag	0	1	0	0	0	0	0	0	0	0	0	0	1
1068	1068	1068.000	HXB2_base	gag	4	0	0	0	0	0	0	0	0	0	0	0	4
1072	1072	1072.000	HXB2_base	gag	0	1	0	3	0	1	0	0	0	0	0	0	5
1073	1073	1073.000	HXB2_base	gag	0	4	0	0	0	0	0	0	0	0	0	0	4
1083	1083	1083.000	HXB2_base	gag	0	4	0	0	0	0	0	0	0	0	0	0	4
1090	1090	1090.000	HXB2_base	gag	0	0	0	0	0	0	0	0	0	0	4	0	4
1095	1095	1095.000	HXB2_base	gag	0	0	0	0	0	2	0	0	0	0	0	0	2
1099	1099	1099.000	HXB2_base	gag	4	0	0	0	0	0	0	0	0	0	0	0	4
1109	1109	1109.000	HXB2_base	gag	0	0	0	0	0	4	0	0	0	0	0	0	4
1115	1115	1115.000	HXB2_base	gag	4	0	0	0	0	0	0	0	0	0	0	0	4
1116	1116	1116.000	HXB2_base	gag	0	0	0	0	0	0	0	0	4	0	0	0	4
1122	1122	1122.000	HXB2_base	gag	0	0	0	0	0	0	0	0	0	0	4	0	4
1125	1125	1125.000	HXB2_base	gag	0	0	0	0	0	0	1	0	0	0	0	0	1
1137	1137	1137.000	HXB2_base	gag	0	0	0	0	0	0	3	0	0	0	0	0	3
1138	1138	1138.000	HXB2_base	gag	2	0	0	0	0	0	0	0	0	0	0	0	2
1140	1140	1140.000	HXB2_base	gag	0	0	0	0	0	0	3	0	0	0	0	0	3
1151	1151	1151.000	HXB2_base	gag	0	6	0	0	0	0	0	0	0	0	0	0	6
1153	1153	1153.000	HXB2_base	gag	3	3	0	0	0	0	0	0	0	0	0	0	6
1155	1155	1155.000	HXB2_base	gag	0	0	1	0	0	0	0	0	0	0	0	0	1
1160	1160	1160.000	HXB2_base	gag	0	0	0	0	0	0	0	0	1	0	0	0	1
1163	1163	1163.000	HXB2_base	gag	0	0	0	0	0	0	3	0	0	0	0	0	3
1165	1165	1165.000	HXB2_base	gag	0	0	0	0	0	0	3	0	0	0	0	0	3
1167	1167	1167.000	HXB2_base	gag	0	0	0	0	0	0	2	0	0	0	0	0	2
1170	1170	1170.000	HXB2_base	gag	0	5	0	0	0	0	0	0	0	0	0	0	5
1171	1171	1171.000	HXB2_base	gag	0	6	0	0	0	0	0	0	0	0	0	0	6
1178	1178	1178.000	HXB2_base	gag	0	0	2	0	0	0	0	0	0	0	0	0	2
1179	1179	1179.000	HXB2_base	gag	3	0	0	0	0	0	0	0	0	0	0	0	3
1201	1201	1201.000	HXB2_base	gag	5	0	0	0	0	0	0	0	0	0	0	0	5
1224	1224	1224.000	HXB2_base	gag	0	2	0	0	0	0	0	0	0	0	0	0	2
1225	1225	1225.000	HXB2_base	gag	0	0	0	0	0	0	0	0	0	0	2	0	2
1227	1227	1227.000	HXB2_base	gag	0	0	0	0	0	0	0	0	0	0	2	0	2
1229	1229	1229.000	HXB2_base	gag	0	0	0	0	0	0	0	0	0	0	1	0	1
1239	1239	1239.000	HXB2_base	gag	0	3	0	0	0	0	0	0	0	0	0	0	3
1260	1260	1260.000	HXB2_base	gag	0	1	0	0	0	0	0	0	0	0	0	0	1
1290	1290	1290.000	HXB2_base	gag	0	2	0	0	0	0	0	0	0	0	0	0	2
1293	1293	1293.000	HXB2_base	gag	0	2	0	0	0	0	3	0	0	0	0	0	5
1299	1299	1299.000	HXB2_base	gag	0	0	0	0	0	1	0	0	0	0	0	0	1
1312	1312	1312.000	HXB2_base	gag	0	0	0	0	0	0	0	0	0	0	3	0	3
1320	1320	1320.000	HXB2_base	gag	0	0	0	0	0	0	1	0	0	0	0	0	1
1325	1325	1325.000	HXB2_base	gag	0	0	0	0	0	1	0	0	0	0	0	0	1
1338	1338	1338.000	HXB2_base	gag	0	0	0	0	0	1	0	0	0	0	0	0	1
1351	1351	1351.000	HXB2_base	gag	0	0	0	0	0	2	0	0	0	0	0	0	2
1373	1373	1373.000	HXB2_base	gag	0	1	0	0	0	0	0	0	0	0	0	0	1
1374	1374	1374.000	HXB2_base	gag	0	1	0	0	0	0	0	0	0	0	0	0	1
1379	1379	1379.000	HXB2_base	gag	0	0	0	0	0	1	0	0	0	0	0	0	1
1395	1395	1395.000	HXB2_base	gag	0	1	0	0	0	0	0	0	0	0	0	0	1
1427	1427	1427.000	HXB2_base	gag	0	1	0	0	0	0	0	0	0	0	0	0	1
1432	1432	1432.000	HXB2_base	gag	0	1	0	0	0	0	0	0	0	0	0	0	1
1433	1433	1433.000	HXB2_base	gag	0	0	0	0	0	1	0	0	0	0	0	0	1
1434	1434	1434.000	HXB2_base	gag	0	0	0	0	0	0	1	0	0	0	0	0	1
1443	1443	1443.000	HXB2_base	gag	0	0	0	0	0	0	1	0	0	0	0	0	1
1458	1458	1458.000	HXB2_base	gag	0	4	0	0	0	0	0	0	0	0	0	0	4
1461	1461	1461.000	HXB2_base	gag	0	1	0	0	0	0	0	0	0	0	0	0	1
1464	1464	1464.000	HXB2_base	gag	0	1	0	0	0	0	0	0	0	0	0	0	1
1484	1484	1484.000	HXB2_base	gag	0	0	0	0	0	0	1	0	0	0	0	0	1
1493	1493	1493.000	HXB2_base	gag	0	1	0	0	0	0	0	0	0	0	0	0	1
1494	1494	1494.000	HXB2_base	gag	0	0	0	0	0	5	0	0	0	0	0	0	5
1511	1511	1511.000	HXB2_base	gag	0	0	0	0	0	0	1	0	0	0	0	0	1
1524	1524	1524.000	HXB2_base	gag	0	1	0	0	0	0	0	0	0	0	0	0	1
1544	1544	1544.000	HXB2_base	gag	0	4	0	0	0	0	0	0	0	0	0	0	4
1545	1545	1545.000	HXB2_base	gag	0	0	0	0	0	0	0	0	0	0	1	0	1
1548	1548	1548.000	HXB2_base	gag	0	0	0	0	0	0	0	0	0	0	2	0	2
1554	1554	1554.000	HXB2_base	gag	0	0	0	0	0	0	0	0	0	0	1	0	1
1560	1560	1560.000	HXB2_base	gag	0	0	0	0	0	0	0	0	0	0	4	0	4
1563	1563	1563.000	HXB2_base	gag	0	1	0	0	0	0	0	0	0	0	0	0	1
1602	1602	1602.000	HXB2_base	gag	0	0	0	0	0	2	0	0	0	0	0	0	2
1629	1629	1629.000	HXB2_base	gag	0	0	0	0	0	2	0	0	0	0	0	0	2
1635	1635	1635.000	HXB2_base	gag	0	0	0	0	0	3	0	0	0	0	0	0	3
1642	1642	1642.000	HXB2_base	gag	0	2	0	0	0	0	0	0	0	0	0	0	2
1665	1665	1665.000	HXB2_base	gag	0	0	0	0	0	1	0	0	0	0	1	0	2
1674	1674	1674.000	HXB2_base	gag	0	0	0	0	0	2	0	0	0	0	0	0	2
1681	1681	1681.000	HXB2_base	gag	0	0	0	0	0	0	1	0	0	0	0	0	1
1714	1714	1714.000	HXB2_base	gag	0	0	0	0	0	0	1	0	0	0	0	0	1
1725	1725	1725.000	HXB2_base	gag	0	3	0	0	0	0	0	0	0	0	0	0	3
1734	1734	1734.000	HXB2_base	gag	0	0	0	0	0	0	0	0	0	0	1	0	1
1741	1741	1741.000	HXB2_base	gag	0	1	0	0	0	0	0	0	0	0	0	0	1
1755	1755	1755.000	HXB2_base	gag	0	0	0	0	0	0	0	0	1	0	0	0	1
1770	1770	1770.000	HXB2_base	gag	0	0	0	0	0	0	0	0	0	0	2	0	2
1779	1779	1779.000	HXB2_base	gag	0	0	0	0	0	3	0	0	0	0	0	0	3
1799	1799	1799.000	HXB2_base	gag	0	0	0	0	0	0	0	0	0	0	1	0	1
1809	1809	1809.000	HXB2_base	gag	0	0	0	0	0	0	2	0	0	0	0	0	2
1812	1812	1812.000	HXB2_base	gag	0	0	0	0	0	0	0	0	0	0	1	0	1
1821	1821	1821.000	HXB2_base	gag	0	0	0	0	0	0	4	0	0	0	0	0	4
1835	1835	1835.000	HXB2_base	gag	0	0	0	0	0	1	0	0	0	0	0	0	1
1841	1841	1841.000	HXB2_base	gag	0	1	0	0	0	0	0	0	0	0	0	0	1
1854	1854	1854.000	HXB2_base	gag	0	1	0	0	0	0	0	0	0	0	0	0	1
1860	1860	1860.000	HXB2_base	gag	0	0	0	0	0	1	0	0	0	0	0	0	1
1876	1876	1876.000	HXB2_base	gag	0	0	0	0	0	0	0	0	0	0	2	0	2
1897	1897	1897.000	HXB2_base	gag	0	0	2	0	0	0	0	0	0	0	0	0	2
1899	1899	1899.000	HXB2_base	gag	1	0	0	0	0	0	0	0	0	0	0	0	1
1902	1902	1902.000	HXB2_base	gag	2	2	0	0	0	0	0	0	0	0	0	0	4
1903	1903	1903.000	HXB2_base	gag	0	1	0	0	0	0	0	0	0	0	0	0	1
1904	1904	1904.000	HXB2_base	gag	0	3	0	0	0	0	0	0	0	0	0	0	3
1914	1914	1914.000	HXB2_base	gag	0	0	0	0	0	0	0	0	0	0	2	0	2
1917	1917	1917.000	HXB2_base	gag	0	2	0	0	0	0	0	0	0	0	0	0	2
1926	1926	1926.000	HXB2_base	gag	0	0	0	0	0	0	2	0	0	0	0	0	2
1930	1930	1930.000	HXB2_base	gag	0	0	0	0	0	0	2	0	0	0	0	0	2
1941	1941	1941.000	HXB2_base	gag	0	2	0	0	0	0	0	0	0	0	0	0	2
1942	1942	1942.000	HXB2_base	gag	0	0	0	0	0	0	1	0	0	0	0	0	1
1955	1955	1955.000	HXB2_base	gag	0	0	0	0	0	2	0	0	0	0	0	0	2
1959	1959	1959.000	HXB2_base	gag	0	0	0	0	0	0	0	0	0	0	1	0	1
1962	1962	1962.000	HXB2_base	gag	0	1	0	0	0	0	0	0	0	0	0	0	1
1974	1974	1974.000	HXB2_base	gag	0	0	0	0	0	0	0	0	0	0	3	0	3
1975	1975	1975.000	HXB2_base	gag	0	0	0	0	0	0	1	0	0	0	0	0	1
1980	1980	1980.000	HXB2_base	gag	0	0	0	0	0	0	1	0	0	0	0	0	1
1995	1995	1995.000	HXB2_base	gag	0	0	0	0	0	1	0	0	0	0	0	0	1
2005	2005	2005.000	HXB2_base	gag	0	1	0	0	0	0	0	0	0	0	0	0	1
2015	2015	2015.000	HXB2_base	gag	0	0	0	0	0	0	0	0	1	0	0	0	1
2016	2016	2016.000	HXB2_base	gag	0	2	0	0	0	0	0	0	0	0	0	0	2
2023	2023	2023.000	HXB2_base	gag	0	0	0	0	0	0	0	0	1	0	0	0	1
2040	2040	2040.000	HXB2_base	gag	0	0	0	2	0	0	0	0	0	0	0	0	2
2042	2042	2042.000	HXB2_base	gag	0	0	0	0	0	0	2	0	0	0	0	0	2
2043	2043	2043.000	HXB2_base	gag	0	3	0	0	0	0	0	0	0	0	0	0	3
2050	2050	2050.000	HXB2_base	gag	0	0	0	0	0	1	0	0	0	0	0	0	1
2059	2059	2059.000	HXB2_base	gag	0	1	0	0	0	0	0	0	0	0	0	0	1
2061	2061	2061.000	HXB2_base	gag	0	0	0	0	0	0	2	0	0	0	0	0	2
2103	2103	2103.000	HXB2_base	gag,pol	0	0	0	0	0	0	1	0	0	0	0	0	1
2111	2111	2111.000	HXB2_base	gag,pol	0	0	3	0	0	0	0	0	0	0	0	0	3
2124	2124	2124.000	HXB2_base	gag,pol	0	3	0	0	0	0	0	0	0	0	0	0	3
2127	2127	2127.000	HXB2_base	gag,pol	0	0	0	0	0	0	1	0	0	0	0	0	1
2141	2141	2141.000	HXB2_base	gag,pol	0	0	0	0	0	0	3	0	0	0	0	0	3
2147	2147	2147.000	HXB2_base	gag,pol	0	0	0	0	0	1	0	0	0	0	0	0	1
2155	2155	2155.000	HXB2_base	gag,pol	0	0	0	0	0	0	0	0	0	4	0	0	4
2155|2156.ins2	2155|2156	2155.500	HXB2_insertion_segment	gag,pol	1	0	0	0	0	0	0	0	0	0	0	0	1
2160	2160	2160.000	HXB2_base	gag,pol	0	0	0	0	0	5	0	0	0	0	0	0	5
2163	2163	2163.000	HXB2_base	gag,pol	0	0	0	0	0	0	0	0	0	3	0	6	9
2164	2164	2164.000	HXB2_base	gag,pol	0	0	0	0	0	1	0	0	0	0	0	0	1
2166	2166	2166.000	HXB2_base	gag,pol	0	1	0	0	0	0	0	0	0	0	0	0	1
2168	2168	2168.000	HXB2_base	gag,pol	0	0	0	2	0	0	0	0	0	0	0	0	2
2169	2169	2169.000	HXB2_base	gag,pol	0	0	0	0	0	0	1	0	0	0	0	0	1
2192	2192	2192.000	HXB2_base	gag,pol	0	2	0	0	0	0	0	0	0	0	0	0	2
2194	2194	2194.000	HXB2_base	gag,pol	0	0	1	0	0	0	0	0	0	0	0	0	1
2199	2199	2199.000	HXB2_base	gag,pol	0	2	0	0	0	0	0	0	0	0	0	0	2
2208	2208	2208.000	HXB2_base	gag,pol	0	0	0	0	0	0	0	0	0	0	1	0	1
2210	2210	2210.000	HXB2_base	gag,pol	0	1	0	0	0	0	0	0	0	0	0	0	1
2224	2224	2224.000	HXB2_base	gag,pol	0	0	0	0	0	0	2	0	0	0	0	0	2
2265	2265	2265.000	HXB2_base	gag,pol	0	0	0	0	0	1	0	0	0	0	0	0	1
2271	2271	2271.000	HXB2_base	gag,pol	0	0	0	0	0	1	0	0	0	0	0	0	1
2279	2279	2279.000	HXB2_base	gag,pol	5	0	0	0	0	0	0	0	0	0	0	0	5
2282	2282	2282.000	HXB2_base	gag,pol	0	0	0	0	0	0	0	0	0	5	0	0	5
2303	2303	2303.000	HXB2_base	pol	0	0	0	0	0	0	0	1	0	0	0	0	1
2306	2306	2306.000	HXB2_base	pol	0	1	0	0	0	0	0	0	0	0	0	0	1
2312	2312	2312.000	HXB2_base	pol	0	2	0	0	0	0	0	0	0	0	0	0	2
2318	2318	2318.000	HXB2_base	pol	0	0	0	0	0	0	0	0	0	2	0	0	2
2329	2329	2329.000	HXB2_base	pol	0	0	0	0	0	1	0	0	0	0	0	0	1
2342	2342	2342.000	HXB2_base	pol	0	0	0	0	0	0	0	0	0	1	0	0	1
2351	2351	2351.000	HXB2_base	pol	0	0	3	0	0	0	0	0	0	0	0	0	3
2357	2357	2357.000	HXB2_base	pol	5	0	0	0	0	0	0	0	0	0	0	0	5
2360	2360	2360.000	HXB2_base	pol	0	5	0	0	0	0	0	0	0	0	0	0	5
2381	2381	2381.000	HXB2_base	pol	0	0	0	0	0	0	6	0	0	0	0	0	6
2386	2386	2386.000	HXB2_base	pol	0	2	0	0	0	0	0	0	0	0	0	0	2
2396	2396	2396.000	HXB2_base	pol	0	0	0	0	0	0	3	0	0	0	0	0	3
2415	2415	2415.000	HXB2_base	pol	0	1	0	0	0	0	0	0	0	0	0	0	1
2417	2417	2417.000	HXB2_base	pol	0	0	0	0	0	0	1	0	0	0	0	0	1
2423	2423	2423.000	HXB2_base	pol	0	2	0	0	0	0	0	0	0	0	0	0	2
2435	2435	2435.000	HXB2_base	pol	0	1	0	0	0	0	0	0	0	0	0	0	1
2436	2436	2436.000	HXB2_base	pol	0	0	0	0	0	0	2	0	0	0	0	0	2
2441	2441	2441.000	HXB2_base	pol	0	0	0	4	0	4	0	0	0	0	0	0	8
2442	2442	2442.000	HXB2_base	pol	0	0	0	0	0	0	2	0	0	0	0	0	2
2456	2456	2456.000	HXB2_base	pol	0	1	0	0	0	0	0	0	0	0	0	0	1
2466	2466	2466.000	HXB2_base	pol	0	1	0	0	0	0	0	0	0	0	0	0	1
2478	2478	2478.000	HXB2_base	pol	0	0	0	0	0	0	0	0	0	0	8	0	8
2480	2480	2480.000	HXB2_base	pol	0	2	0	0	0	0	0	0	0	0	0	0	2
2481	2481	2481.000	HXB2_base	pol	0	0	0	0	0	0	1	0	0	0	0	0	1
2492	2492	2492.000	HXB2_base	pol	0	2	0	0	0	0	0	0	0	0	0	0	2
2497	2497	2497.000	HXB2_base	pol	0	0	0	0	0	0	0	0	0	0	1	0	1
2501	2501	2501.000	HXB2_base	pol	0	0	0	0	0	2	0	0	0	0	0	0	2
2503	2503	2503.000	HXB2_base	pol	0	0	0	0	0	0	0	0	0	0	1	0	1
2504	2504	2504.000	HXB2_base	pol	0	1	0	0	0	0	0	0	0	0	0	0	1
2511	2511	2511.000	HXB2_base	pol	0	0	0	1	0	0	0	0	0	0	0	0	1
2525	2525	2525.000	HXB2_base	pol	0	0	0	0	0	0	0	0	0	0	1	0	1
2528	2528	2528.000	HXB2_base	pol	0	4	0	0	0	0	0	0	0	0	0	0	4
2543	2543	2543.000	HXB2_base	pol	0	2	0	0	0	0	0	0	0	0	0	0	2
2567	2567	2567.000	HXB2_base	pol	0	0	2	0	0	0	0	0	0	0	0	0	2
2571	2571	2571.000	HXB2_base	pol	0	0	0	0	0	0	2	0	0	0	0	0	2
2574	2574	2574.000	HXB2_base	pol	0	0	0	0	0	1	0	0	0	0	0	0	1
2597	2597	2597.000	HXB2_base	pol	0	0	0	0	0	0	0	0	1	0	0	0	1
2606	2606	2606.000	HXB2_base	pol	0	2	0	0	0	0	0	0	0	0	0	0	2
2610	2610	2610.000	HXB2_base	pol	0	0	0	0	0	0	2	0	0	0	0	0	2
2636	2636	2636.000	HXB2_base	pol	0	10	0	0	0	0	0	0	0	0	0	0	10
2645	2645	2645.000	HXB2_base	pol	0	3	0	0	0	0	0	0	0	0	0	0	3
2695	2695	2695.000	HXB2_base	pol	0	2	0	0	0	0	0	0	0	0	0	0	2
2702	2702	2702.000	HXB2_base	pol	0	0	0	0	0	0	2	0	0	0	0	0	2
2711	2711	2711.000	HXB2_base	pol	0	0	0	0	0	1	0	0	0	0	0	0	1
2717	2717	2717.000	HXB2_base	pol	0	0	0	0	0	1	0	0	0	0	0	0	1
2727	2727	2727.000	HXB2_base	pol	0	0	0	0	0	0	1	0	0	0	0	0	1
2755	2755	2755.000	HXB2_base	pol	0	0	0	0	0	1	0	0	0	0	0	0	1
2765	2765	2765.000	HXB2_base	pol	0	1	0	0	0	0	0	0	0	0	0	0	1
2768	2768	2768.000	HXB2_base	pol	0	2	0	0	0	0	0	0	0	0	0	0	2
2771	2771	2771.000	HXB2_base	pol	0	2	0	0	0	0	0	0	0	0	0	0	2
2782	2782	2782.000	HXB2_base	pol	0	0	0	0	0	0	0	0	1	0	0	0	1
2783	2783	2783.000	HXB2_base	pol	0	0	0	0	0	0	3	0	0	0	0	0	3
2795	2795	2795.000	HXB2_base	pol	0	1	0	0	0	0	0	0	0	0	0	0	1
2802	2802	2802.000	HXB2_base	pol	0	0	0	0	0	1	0	0	0	0	0	0	1
2807	2807	2807.000	HXB2_base	pol	0	0	0	0	0	1	0	0	0	0	0	0	1
2833	2833	2833.000	HXB2_base	pol	0	0	0	0	0	1	0	0	0	0	0	0	1
2843	2843	2843.000	HXB2_base	pol	0	0	0	0	0	0	3	0	0	0	0	0	3
2852	2852	2852.000	HXB2_base	pol	0	3	0	0	0	0	0	0	0	0	0	0	3
2867	2867	2867.000	HXB2_base	pol	0	0	0	0	0	0	1	0	0	0	0	0	1
2870	2870	2870.000	HXB2_base	pol	0	0	0	0	0	0	0	0	0	3	0	0	3
2883	2883	2883.000	HXB2_base	pol	0	0	0	0	0	0	1	0	0	0	0	0	1
2891	2891	2891.000	HXB2_base	pol	1	2	0	0	0	0	0	0	0	0	0	0	3
2910	2910	2910.000	HXB2_base	pol	0	0	0	0	0	2	0	0	0	0	0	0	2
2923	2923	2923.000	HXB2_base	pol	0	0	0	0	0	0	0	0	1	0	0	0	1
2926	2926	2926.000	HXB2_base	pol	1	0	0	0	0	0	0	0	0	0	0	0	1
2927	2927	2927.000	HXB2_base	pol	0	2	0	0	0	0	0	0	0	0	0	0	2
2957	2957	2957.000	HXB2_base	pol	0	0	0	0	0	2	0	0	0	0	0	0	2
2975	2975	2975.000	HXB2_base	pol	0	0	7	0	0	0	0	0	0	0	0	0	7
2978	2978	2978.000	HXB2_base	pol	0	0	0	0	0	0	6	0	0	0	0	0	6
3014	3014	3014.000	HXB2_base	pol	0	0	0	0	0	0	5	0	0	0	0	0	5
3038	3038	3038.000	HXB2_base	pol	0	0	0	0	0	2	0	0	0	0	0	0	2
3042	3042	3042.000	HXB2_base	pol	0	1	0	0	0	0	0	0	0	0	0	0	1
3050	3050	3050.000	HXB2_base	pol	0	0	0	0	0	2	0	0	0	0	0	0	2
3051	3051	3051.000	HXB2_base	pol	0	0	0	0	0	0	0	0	0	0	5	0	5
3056	3056	3056.000	HXB2_base	pol	0	0	0	0	0	0	1	0	0	0	0	0	1
3075	3075	3075.000	HXB2_base	pol	0	0	0	0	0	2	0	0	0	0	0	0	2
3089	3089	3089.000	HXB2_base	pol	0	0	0	0	0	1	0	0	0	0	0	0	1
3095	3095	3095.000	HXB2_base	pol	0	3	0	0	0	0	0	0	0	0	0	0	3
3134	3134	3134.000	HXB2_base	pol	0	1	0	0	0	0	0	0	0	0	0	0	1
3137	3137	3137.000	HXB2_base	pol	0	0	0	0	0	0	5	0	0	0	0	0	5
3144	3144	3144.000	HXB2_base	pol	0	1	0	0	0	0	0	0	0	0	0	0	1
3148	3148	3148.000	HXB2_base	pol	9	0	0	0	0	0	0	0	0	0	0	0	9
3158	3158	3158.000	HXB2_base	pol	0	0	0	0	0	0	1	0	0	0	0	0	1
3162	3162	3162.000	HXB2_base	pol	0	0	0	0	0	2	0	0	0	0	0	0	2
3164	3164	3164.000	HXB2_base	pol	0	0	0	0	0	0	1	0	0	0	0	0	1
3170	3170	3170.000	HXB2_base	pol	2	0	0	0	0	0	0	0	0	0	0	0	2
3177	3177	3177.000	HXB2_base	pol	0	0	0	0	0	0	0	0	0	0	1	0	1
3179	3179	3179.000	HXB2_base	pol	0	3	0	0	0	0	0	0	0	0	0	0	3
3181	3181	3181.000	HXB2_base	pol	0	0	0	0	0	0	3	0	0	0	0	0	3
3182	3182	3182.000	HXB2_base	pol	0	0	0	0	0	0	1	0	0	0	0	0	1
3209	3209	3209.000	HXB2_base	pol	0	2	0	0	0	0	0	0	0	0	0	0	2
3233	3233	3233.000	HXB2_base	pol	0	0	0	0	0	0	0	0	9	0	0	0	9
3256	3256	3256.000	HXB2_base	pol	0	0	0	0	0	1	0	0	0	0	0	0	1
3257	3257	3257.000	HXB2_base	pol	0	0	0	0	0	7	0	0	0	0	0	0	7
3281	3281	3281.000	HXB2_base	pol	2	0	0	0	0	0	0	0	0	0	0	0	2
3292	3292	3292.000	HXB2_base	pol	0	0	2	0	0	0	0	0	0	0	1	0	3
3293	3293	3293.000	HXB2_base	pol	0	2	0	0	0	0	0	0	0	0	0	0	2
3296	3296	3296.000	HXB2_base	pol	0	2	0	0	0	0	0	0	0	0	0	0	2
3318	3318	3318.000	HXB2_base	pol	0	2	0	0	0	0	0	0	0	0	0	0	2
3319	3319	3319.000	HXB2_base	pol	0	0	0	0	0	0	0	0	0	0	2	0	2
3325	3325	3325.000	HXB2_base	pol	0	1	0	0	0	0	0	0	0	0	0	0	1
3326	3326	3326.000	HXB2_base	pol	0	0	0	0	0	0	2	0	0	0	0	0	2
3339	3339	3339.000	HXB2_base	pol	0	0	0	0	0	0	0	0	0	0	9	0	9
3374	3374	3374.000	HXB2_base	pol	0	2	0	0	0	0	0	0	0	0	0	0	2
3379	3379	3379.000	HXB2_base	pol	0	0	0	0	0	0	4	0	0	0	0	0	4
3385	3385	3385.000	HXB2_base	pol	0	0	0	0	0	0	0	0	0	0	1	0	1
3405	3405	3405.000	HXB2_base	pol	0	2	0	0	0	0	0	0	0	0	0	0	2
3410	3410	3410.000	HXB2_base	pol	0	3	0	0	0	0	0	0	0	0	0	0	3
3411	3411	3411.000	HXB2_base	pol	0	0	0	0	0	0	0	0	0	0	0	4	4
3422	3422	3422.000	HXB2_base	pol	0	1	0	0	0	0	0	0	0	0	0	0	1
3428	3428	3428.000	HXB2_base	pol	0	1	0	0	0	0	0	0	0	0	0	0	1
3432	3432	3432.000	HXB2_base	pol	0	0	0	0	0	3	0	0	0	0	0	0	3
3439	3439	3439.000	HXB2_base	pol	0	1	0	0	0	0	0	0	0	0	0	0	1
3460	3460	3460.000	HXB2_base	pol	0	0	0	0	0	1	0	0	0	0	0	0	1
3464	3464	3464.000	HXB2_base	pol	0	2	0	0	0	0	0	0	0	0	0	0	2
3481	3481	3481.000	HXB2_base	pol	1	0	0	0	0	0	0	0	0	0	0	0	1
3489	3489	3489.000	HXB2_base	pol	0	0	0	0	0	0	2	0	0	0	0	0	2
3500	3500	3500.000	HXB2_base	pol	0	1	0	0	0	0	0	0	0	0	0	0	1
3513	3513	3513.000	HXB2_base	pol	0	0	0	0	0	0	0	0	0	5	0	0	5
3517	3517	3517.000	HXB2_base	pol	0	1	0	0	0	0	0	0	0	0	0	0	1
3527	3527	3527.000	HXB2_base	pol	0	1	0	0	0	0	0	0	0	0	0	0	1
3544	3544	3544.000	HXB2_base	pol	0	1	0	0	0	0	0	0	0	0	0	0	1
3577	3577	3577.000	HXB2_base	pol	0	1	0	0	0	0	0	0	0	0	0	0	1
3578	3578	3578.000	HXB2_base	pol	0	2	0	0	0	0	0	0	0	0	0	0	2
3584	3584	3584.000	HXB2_base	pol	3	0	0	0	0	0	0	0	0	0	0	0	3
3587	3587	3587.000	HXB2_base	pol	0	0	0	0	0	4	0	0	0	0	0	0	4
3589	3589	3589.000	HXB2_base	pol	0	0	0	0	0	0	6	0	0	0	0	0	6
3605	3605	3605.000	HXB2_base	pol	0	0	0	0	0	0	2	0	0	0	0	0	2
3608	3608	3608.000	HXB2_base	pol	0	0	0	0	0	0	4	0	0	0	0	0	4
3644	3644	3644.000	HXB2_base	pol	0	1	0	0	0	0	0	0	0	0	0	0	1
3654	3654	3654.000	HXB2_base	pol	0	2	0	0	0	0	0	0	0	0	0	0	2
3665	3665	3665.000	HXB2_base	pol	0	0	0	0	0	0	3	0	0	0	0	0	3
3692	3692	3692.000	HXB2_base	pol	0	9	0	0	0	0	0	0	0	0	0	0	9
3698	3698	3698.000	HXB2_base	pol	0	0	0	0	0	0	1	0	0	0	0	0	1
3716	3716	3716.000	HXB2_base	pol	0	0	0	0	0	0	0	0	0	0	2	0	2
3722	3722	3722.000	HXB2_base	pol	0	2	0	0	0	0	0	0	0	0	0	0	2
3728	3728	3728.000	HXB2_base	pol	0	0	0	0	0	1	0	0	0	0	9	0	10
3733	3733	3733.000	HXB2_base	pol	0	2	0	0	0	0	0	0	0	0	0	0	2
3734	3734	3734.000	HXB2_base	pol	0	2	0	0	0	0	0	0	0	0	0	0	2
3748	3748	3748.000	HXB2_base	pol	0	0	0	0	0	2	0	0	0	0	0	0	2
3761	3761	3761.000	HXB2_base	pol	0	0	0	2	0	0	0	0	0	0	0	0	2
3794	3794	3794.000	HXB2_base	pol	0	2	0	0	0	0	0	0	0	0	0	0	2
3798	3798	3798.000	HXB2_base	pol	0	0	0	0	0	0	2	0	0	0	0	0	2
3803	3803	3803.000	HXB2_base	pol	0	0	0	0	0	0	0	0	0	0	9	0	9
3818	3818	3818.000	HXB2_base	pol	0	0	0	0	0	0	1	0	0	0	0	0	1
3835	3835	3835.000	HXB2_base	pol	0	0	0	0	0	0	0	0	0	0	1	0	1
3841	3841	3841.000	HXB2_base	pol	0	1	0	0	0	0	0	0	0	0	0	0	1
3842	3842	3842.000	HXB2_base	pol	0	1	0	0	0	0	0	0	0	0	0	0	1
3869	3869	3869.000	HXB2_base	pol	0	0	0	0	0	2	0	0	0	0	0	0	2
3887	3887	3887.000	HXB2_base	pol	0	0	0	0	0	9	0	0	0	0	0	0	9
3889	3889	3889.000	HXB2_base	pol	0	2	0	0	0	0	0	0	0	0	0	0	2
3892	3892	3892.000	HXB2_base	pol	0	0	0	0	0	0	2	0	0	0	0	0	2
3893	3893	3893.000	HXB2_base	pol	0	2	0	0	0	0	0	0	0	0	0	0	2
3895	3895	3895.000	HXB2_base	pol	0	1	0	0	0	0	0	0	0	0	0	0	1
3910	3910	3910.000	HXB2_base	pol	0	2	0	0	0	0	0	0	0	0	0	0	2
3934	3934	3934.000	HXB2_base	pol	0	0	0	0	0	0	1	0	0	0	0	0	1
3944	3944	3944.000	HXB2_base	pol	0	0	0	0	0	0	4	0	0	0	0	0	4
3947	3947	3947.000	HXB2_base	pol	0	0	0	0	0	0	0	0	0	0	0	1	1
3950	3950	3950.000	HXB2_base	pol	0	0	9	0	0	0	0	0	0	0	0	0	9
3955	3955	3955.000	HXB2_base	pol	0	0	0	0	0	0	0	0	0	0	1	0	1
3959	3959	3959.000	HXB2_base	pol	0	0	0	0	0	0	0	0	0	0	1	0	1
3965	3965	3965.000	HXB2_base	pol	0	0	0	7	0	0	0	0	0	0	0	0	7
3968	3968	3968.000	HXB2_base	pol	2	0	0	0	0	0	0	0	0	0	0	0	2
3977	3977	3977.000	HXB2_base	pol	0	0	0	0	0	0	1	0	0	0	0	0	1
3986	3986	3986.000	HXB2_base	pol	0	0	0	0	0	0	2	0	0	0	0	0	2
3989	3989	3989.000	HXB2_base	pol	0	0	0	0	0	0	0	0	0	0	10	0	10
3993	3993	3993.000	HXB2_base	pol	0	6	0	0	0	0	0	0	0	0	0	0	6
4007	4007	4007.000	HXB2_base	pol	0	0	0	0	0	0	1	0	0	0	0	0	1
4009	4009	4009.000	HXB2_base	pol	0	1	0	0	0	0	0	0	0	0	0	0	1
4010	4010	4010.000	HXB2_base	pol	0	0	0	0	0	0	3	0	0	0	0	0	3
4013	4013	4013.000	HXB2_base	pol	0	0	0	0	0	0	0	0	0	0	2	0	2
4015	4015	4015.000	HXB2_base	pol	0	0	0	0	0	1	0	0	0	0	0	0	1
4016	4016	4016.000	HXB2_base	pol	0	0	1	0	0	0	0	0	0	0	0	0	1
4031	4031	4031.000	HXB2_base	pol	0	0	0	0	0	0	0	0	0	0	2	0	2
4054	4054	4054.000	HXB2_base	pol	0	0	0	0	0	1	0	0	0	0	0	0	1
4061	4061	4061.000	HXB2_base	pol	0	0	0	0	0	0	2	0	0	0	0	0	2
4070	4070	4070.000	HXB2_base	pol	0	2	0	0	0	0	0	0	0	0	0	0	2
4071	4071	4071.000	HXB2_base	pol	0	0	0	0	0	0	1	0	0	0	0	0	1
4085	4085	4085.000	HXB2_base	pol	0	0	0	0	0	0	1	0	0	0	0	0	1
4100	4100	4100.000	HXB2_base	pol	0	2	0	0	0	0	0	0	0	0	0	0	2
4109	4109	4109.000	HXB2_base	pol	0	0	0	0	0	0	1	0	0	0	0	0	1
4111	4111	4111.000	HXB2_base	pol	0	0	0	0	0	0	0	0	0	2	0	0	2
4128	4128	4128.000	HXB2_base	pol	4	0	0	0	0	0	0	0	0	0	0	0	4
4130	4130	4130.000	HXB2_base	pol	0	0	0	0	0	0	3	0	0	0	0	0	3
4133	4133	4133.000	HXB2_base	pol	0	0	0	0	0	0	2	0	0	0	0	0	2
4145	4145	4145.000	HXB2_base	pol	0	0	0	0	0	3	0	0	0	0	0	0	3
4153	4153	4153.000	HXB2_base	pol	0	0	0	0	0	0	0	0	1	0	0	0	1
4154	4154	4154.000	HXB2_base	pol	0	0	0	0	0	0	1	0	0	0	0	0	1
4162	4162	4162.000	HXB2_base	pol	0	0	0	0	0	1	0	0	0	0	0	0	1
4196	4196	4196.000	HXB2_base	pol	0	0	0	0	0	0	0	0	0	0	1	0	1
4220	4220	4220.000	HXB2_base	pol	0	0	0	0	0	0	6	0	0	0	0	0	6
4222	4222	4222.000	HXB2_base	pol	0	1	0	0	0	0	0	0	0	0	0	0	1
4232	4232	4232.000	HXB2_base	pol	0	0	0	0	0	0	0	0	0	0	2	0	2
4241	4241	4241.000	HXB2_base	pol	0	1	0	0	0	0	0	0	0	0	0	0	1
4249	4249	4249.000	HXB2_base	pol	0	2	0	0	0	0	0	0	0	0	0	0	2
4262	4262	4262.000	HXB2_base	pol	0	0	0	0	0	0	1	0	0	0	0	0	1
4268	4268	4268.000	HXB2_base	pol	0	0	0	0	0	0	9	0	0	0	0	0	9
4271	4271	4271.000	HXB2_base	pol	0	4	0	0	0	0	0	0	0	0	0	0	4
4278	4278	4278.000	HXB2_base	pol	0	1	0	0	0	0	0	0	0	0	0	0	1
4306	4306	4306.000	HXB2_base	pol	0	0	0	0	0	0	0	0	0	2	0	0	2
4313	4313	4313.000	HXB2_base	pol	0	9	0	0	0	0	0	0	0	0	0	0	9
4316	4316	4316.000	HXB2_base	pol	0	1	0	0	0	0	0	0	0	0	0	0	1
4323	4323	4323.000	HXB2_base	pol	0	5	0	0	0	0	0	0	0	0	0	0	5
4325	4325	4325.000	HXB2_base	pol	0	1	0	0	0	0	0	0	0	0	0	0	1
4346	4346	4346.000	HXB2_base	pol	0	0	0	0	0	2	0	0	0	0	0	0	2
4347	4347	4347.000	HXB2_base	pol	0	0	0	0	0	0	0	0	0	0	1	0	1
4349	4349	4349.000	HXB2_base	pol	0	0	0	0	0	0	0	0	0	0	1	0	1
4361	4361	4361.000	HXB2_base	pol	0	0	0	0	0	0	1	0	0	0	0	0	1
4362	4362	4362.000	HXB2_base	pol	0	0	0	0	0	1	0	0	0	0	0	0	1
4371	4371	4371.000	HXB2_base	pol	0	0	0	0	0	0	1	0	0	0	0	0	1
4400	4400	4400.000	HXB2_base	pol	0	0	0	0	0	9	0	0	0	0	0	0	9
4406	4406	4406.000	HXB2_base	pol	0	0	0	0	0	0	1	0	0	0	0	0	1
4412	4412	4412.000	HXB2_base	pol	0	0	0	0	0	0	1	0	0	0	0	0	1
4415	4415	4415.000	HXB2_base	pol	0	1	0	0	0	0	0	0	0	0	0	0	1
4430	4430	4430.000	HXB2_base	pol	0	0	0	0	0	0	0	0	0	0	1	0	1
4441	4441	4441.000	HXB2_base	pol	0	4	0	0	0	0	0	0	0	0	0	0	4
4442	4442	4442.000	HXB2_base	pol	0	0	0	0	0	0	4	0	0	0	0	0	4
4451	4451	4451.000	HXB2_base	pol	0	0	0	0	0	0	1	0	0	0	0	0	1
4456	4456	4456.000	HXB2_base	pol	0	0	0	0	0	1	0	0	0	0	0	0	1
4459	4459	4459.000	HXB2_base	pol	0	0	0	0	0	0	0	0	0	0	3	0	3
4461	4461	4461.000	HXB2_base	pol	0	0	0	0	0	1	0	0	0	0	0	0	1
4481	4481	4481.000	HXB2_base	pol	0	4	0	0	0	0	0	0	0	0	0	0	4
4493	4493	4493.000	HXB2_base	pol	0	0	0	0	0	0	0	0	0	0	4	0	4
4514	4514	4514.000	HXB2_base	pol	0	9	0	0	0	0	0	0	0	0	0	0	9
4533	4533	4533.000	HXB2_base	pol	0	0	0	0	0	2	0	0	0	0	0	0	2
4535	4535	4535.000	HXB2_base	pol	0	1	0	0	0	0	0	0	0	0	0	0	1
4555	4555	4555.000	HXB2_base	pol	0	0	0	0	0	1	0	0	0	0	0	0	1
4589	4589	4589.000	HXB2_base	pol	0	0	0	0	0	0	0	0	0	0	1	0	1
4599	4599	4599.000	HXB2_base	pol	0	0	0	0	0	0	2	0	0	0	0	0	2
4607	4607	4607.000	HXB2_base	pol	0	2	0	0	0	0	0	0	0	0	0	0	2
4616	4616	4616.000	HXB2_base	pol	0	0	0	2	0	0	0	0	0	0	0	0	2
4637	4637	4637.000	HXB2_base	pol	0	0	0	0	0	0	2	0	0	0	0	0	2
4649	4649	4649.000	HXB2_base	pol	2	0	0	0	0	0	0	0	0	0	0	0	2
4652	4652	4652.000	HXB2_base	pol	0	0	0	0	0	0	0	0	0	0	1	0	1
4674	4674	4674.000	HXB2_base	pol	0	0	0	0	0	0	0	0	1	0	0	0	1
4679	4679	4679.000	HXB2_base	pol	0	5	0	0	0	0	0	0	0	0	0	0	5
4703	4703	4703.000	HXB2_base	pol	0	0	1	0	0	0	0	0	0	0	0	0	1
4706	4706	4706.000	HXB2_base	pol	0	0	0	0	0	0	2	0	0	0	0	0	2
4712	4712	4712.000	HXB2_base	pol	0	0	0	0	0	2	0	0	0	0	0	0	2
4740	4740	4740.000	HXB2_base	pol	0	0	0	0	0	1	0	0	0	0	0	0	1
4792	4792	4792.000	HXB2_base	pol	0	0	0	0	0	0	4	0	0	0	0	0	4
4842	4842	4842.000	HXB2_base	pol	0	0	0	0	0	0	1	0	0	0	0	0	1
4911	4911	4911.000	HXB2_base	pol	0	0	1	0	0	0	0	0	0	0	0	0	1
4930	4930	4930.000	HXB2_base	pol	0	0	0	0	0	0	0	0	5	0	0	0	5
4943	4943	4943.000	HXB2_base	pol	0	1	0	0	0	0	0	0	0	0	0	0	1
4971	4971	4971.000	HXB2_base	pol	0	0	0	0	0	0	1	0	0	0	0	0	1
4972	4972	4972.000	HXB2_base	pol	0	0	0	0	0	1	0	0	0	0	0	0	1
4999	4999	4999.000	HXB2_base	pol	0	0	0	0	0	0	0	0	0	0	3	0	3
5013	5013	5013.000	HXB2_base	pol	2	0	0	0	0	0	0	0	0	0	0	0	2
5039	5039	5039.000	HXB2_base	pol	0	0	0	0	0	0	0	0	0	0	5	0	5
5054	5054	5054.000	HXB2_base	pol,vif	0	0	0	0	0	0	1	0	0	0	0	0	1
5070	5070	5070.000	HXB2_base	pol,vif	0	0	0	0	0	0	1	0	0	0	0	0	1
5075	5075	5075.000	HXB2_base	pol,vif	0	1	0	0	0	0	0	0	0	0	0	0	1
5085	5085	5085.000	HXB2_base	pol,vif	0	0	0	0	0	0	1	0	0	0	0	0	1
5096	5096	5096.000	HXB2_base	pol,vif	0	3	0	0	0	0	0	0	0	0	0	0	3
5097	5097	5097.000	HXB2_base	vif	0	1	0	0	0	0	0	0	0	0	0	0	1
5107	5107	5107.000	HXB2_base	vif	0	1	0	0	0	0	0	0	0	0	0	0	1
5115	5115	5115.000	HXB2_base	vif	0	1	0	0	0	0	0	0	0	0	0	0	1
5126	5126	5126.000	HXB2_base	vif	0	0	3	0	0	0	0	0	0	0	0	0	3
5131	5131	5131.000	HXB2_base	vif	0	4	0	0	0	0	0	0	0	0	0	0	4
5160	5160	5160.000	HXB2_base	vif	0	0	0	0	0	0	0	0	0	0	3	0	3
5175	5175	5175.000	HXB2_base	vif	0	0	0	0	0	0	1	0	0	0	0	0	1
5178	5178	5178.000	HXB2_base	vif	0	0	0	0	0	3	0	0	0	0	0	0	3
5195	5195	5195.000	HXB2_base	vif	0	0	0	0	0	0	4	0	0	0	0	0	4
5217	5217	5217.000	HXB2_base	vif	0	0	0	0	0	0	3	0	0	0	0	0	3
5218	5218	5218.000	HXB2_base	vif	0	0	0	0	0	0	0	0	1	0	0	0	1
5223	5223	5223.000	HXB2_base	vif	0	0	0	0	0	0	2	0	0	0	0	0	2
5228	5228	5228.000	HXB2_base	vif	0	4	0	0	0	0	0	0	0	0	0	0	4
5230	5230	5230.000	HXB2_base	vif	0	0	4	0	0	0	0	0	0	0	0	0	4
5235	5235	5235.000	HXB2_base	vif	0	4	0	0	0	0	0	0	0	0	0	0	4
5250	5250	5250.000	HXB2_base	vif	0	0	0	0	0	0	0	0	1	0	0	0	1
5253	5253	5253.000	HXB2_base	vif	0	5	0	0	0	0	0	0	0	0	0	0	5
5258	5258	5258.000	HXB2_base	vif	0	0	5	0	0	0	0	0	0	0	0	0	5
5273	5273	5273.000	HXB2_base	vif	3	0	0	0	0	0	0	0	0	0	0	0	3
5280	5280	5280.000	HXB2_base	vif	0	0	3	0	0	0	0	0	0	0	0	0	3
5281	5281	5281.000	HXB2_base	vif	0	0	0	0	0	0	0	0	0	0	1	0	1
5286	5286	5286.000	HXB2_base	vif	0	4	0	0	0	0	0	0	0	0	0	0	4
5287	5287	5287.000	HXB2_base	vif	0	0	0	3	0	0	0	0	0	0	0	0	3
5288	5288	5288.000	HXB2_base	vif	0	3	0	0	0	0	0	0	0	0	0	0	3
5312	5312	5312.000	HXB2_base	vif	0	0	0	0	0	0	0	0	7	0	0	0	7
5313	5313	5313.000	HXB2_base	vif	0	3	0	0	0	0	0	0	0	0	0	0	3
5315	5315	5315.000	HXB2_base	vif	0	0	0	0	0	0	8	0	0	0	0	0	8
5316	5316	5316.000	HXB2_base	vif	0	0	0	0	0	0	0	0	0	3	0	0	3
5318	5318	5318.000	HXB2_base	vif	0	0	0	0	0	0	2	0	0	0	0	0	2
5324	5324	5324.000	HXB2_base	vif	0	0	0	0	0	0	3	0	0	0	0	0	3
5335	5335	5335.000	HXB2_base	vif	0	0	0	0	0	0	0	1	0	0	0	0	1
5337	5337	5337.000	HXB2_base	vif	0	4	0	0	0	0	0	0	0	0	0	0	4
5342	5342	5342.000	HXB2_base	vif	5	0	0	0	0	0	0	0	0	0	0	0	5
5343	5343	5343.000	HXB2_base	vif	0	0	0	0	0	7	0	0	0	0	0	0	7
5367	5367	5367.000	HXB2_base	vif	0	0	0	0	0	0	1	0	0	0	0	0	1
5368	5368	5368.000	HXB2_base	vif	0	0	0	0	0	0	0	0	0	0	5	0	5
5386	5386	5386.000	HXB2_base	vif	0	0	0	0	0	0	7	0	0	0	0	0	7
5403	5403	5403.000	HXB2_base	vif	0	3	0	0	0	0	0	0	0	0	0	0	3
5422	5422	5422.000	HXB2_base	vif	0	0	0	0	0	0	1	0	0	0	0	0	1
5427	5427	5427.000	HXB2_base	vif	0	0	0	0	0	0	0	0	0	0	0	1	1
5432	5432	5432.000	HXB2_base	vif	0	3	0	0	0	0	0	0	0	0	0	0	3
5448	5448	5448.000	HXB2_base	vif	0	3	0	0	0	0	0	0	0	0	0	0	3
5460	5460	5460.000	HXB2_base	vif	0	0	0	0	0	0	0	0	0	0	3	0	3
5481	5481	5481.000	HXB2_base	vif	0	0	0	0	0	4	0	0	0	0	0	0	4
5482	5482	5482.000	HXB2_base	vif	0	0	0	0	0	0	0	0	0	0	6	0	6
5495	5495	5495.000	HXB2_base	vif	0	0	0	0	0	1	0	0	0	0	0	0	1
5496	5496	5496.000	HXB2_base	vif	0	0	2	0	0	0	0	0	0	0	0	0	2
5500	5500	5500.000	HXB2_base	vif	0	4	0	0	0	0	0	0	0	0	0	0	4
5501	5501	5501.000	HXB2_base	vif	0	0	0	0	0	1	0	0	0	0	0	0	1
5505	5505	5505.000	HXB2_base	vif	0	0	0	0	0	0	7	0	0	0	0	0	7
5516	5516	5516.000	HXB2_base	vif	0	0	0	0	0	6	0	0	0	0	0	0	6
5526	5526	5526.000	HXB2_base	vif	0	0	0	0	0	0	0	0	0	0	2	0	2
5536	5536	5536.000	HXB2_base	vif	0	0	0	0	0	0	4	0	0	0	0	0	4
5538	5538	5538.000	HXB2_base	vif	0	0	0	0	0	0	0	0	0	0	1	0	1
5540	5540	5540.000	HXB2_base	vif	0	0	0	0	0	0	10	0	0	0	0	0	10
5545	5545	5545.000	HXB2_base	vif	0	0	0	0	0	0	0	0	0	0	4	0	4
5548	5548	5548.000	HXB2_base	vif	0	0	0	0	0	0	2	0	0	0	0	0	2
5567	5567	5567.000	HXB2_base	vif,vpr	0	3	0	0	0	0	0	0	0	0	0	0	3
5591	5591	5591.000	HXB2_base	vif,vpr	0	2	0	0	0	0	0	0	0	0	0	0	2
5599	5599	5599.000	HXB2_base	vif,vpr	0	0	0	0	0	1	0	0	0	0	0	0	1
5600	5600	5600.000	HXB2_base	vif,vpr	0	0	0	0	0	0	8	0	0	0	0	0	8
5601	5601	5601.000	HXB2_base	vif,vpr	0	0	0	0	0	0	0	0	0	0	0	1	1
5606	5606	5606.000	HXB2_base	vif,vpr	0	0	0	0	0	0	0	0	0	1	0	0	1
5608	5608	5608.000	HXB2_base	vif,vpr	0	0	0	4	0	0	0	0	0	0	0	0	4
5609	5609	5609.000	HXB2_base	vif,vpr	0	0	2	0	0	0	0	0	0	0	0	0	2
5616	5616	5616.000	HXB2_base	vif,vpr	0	0	4	0	0	0	0	0	0	0	0	0	4
5622	5622	5622.000	HXB2_base	vpr	0	0	0	0	0	0	0	0	0	0	2	0	2
5646	5646	5646.000	HXB2_base	vpr	0	0	0	0	0	0	0	0	0	0	0	6	6
5653	5653	5653.000	HXB2_base	vpr	0	0	0	0	0	0	2	0	0	0	0	0	2
5665	5665	5665.000	HXB2_base	vpr	0	0	0	0	0	0	1	0	0	0	0	0	1
5675	5675	5675.000	HXB2_base	vpr	0	0	0	0	0	0	0	0	0	0	1	0	1
5678	5678	5678.000	HXB2_base	vpr	0	0	0	0	0	0	0	0	0	0	2	0	2
5694	5694	5694.000	HXB2_base	vpr	0	0	0	0	0	0	10	0	0	0	0	0	10
5731	5731	5731.000	HXB2_base	vpr	0	0	0	0	0	3	0	0	0	0	0	0	3
5735	5735	5735.000	HXB2_base	vpr	0	0	0	0	0	0	0	0	0	0	2	0	2
5736	5736	5736.000	HXB2_base	vpr	0	0	0	0	0	0	0	0	0	4	0	0	4
5740	5740	5740.000	HXB2_base	vpr	0	0	0	0	0	0	0	0	0	0	3	0	3
5741	5741	5741.000	HXB2_base	vpr	1	0	0	0	0	0	0	0	0	0	0	0	1
5743	5743	5743.000	HXB2_base	vpr	0	0	0	0	0	0	2	0	0	0	0	0	2
5756	5756	5756.000	HXB2_base	vpr	5	0	0	0	0	0	0	0	0	0	0	0	5
5759	5759	5759.000	HXB2_base	vpr	0	0	0	0	0	0	2	0	0	0	0	0	2
5768	5768	5768.000	HXB2_base	vpr	0	0	0	0	0	0	0	0	5	0	0	0	5
5795	5795	5795.000	HXB2_base	vpr	0	0	0	0	0	0	1	0	0	0	0	0	1
5800	5800	5800.000	HXB2_base	vpr	0	2	0	0	0	0	0	0	0	0	0	0	2
5809	5809	5809.000	HXB2_base	vpr	0	0	0	0	0	0	2	0	0	0	0	0	2
5818	5818	5818.000	HXB2_base	vpr	0	0	1	0	0	0	0	0	0	0	0	0	1
5845	5845	5845.000	HXB2_base	tat_exon1,vpr	0	0	0	0	0	0	0	0	0	0	4	0	4
5869	5869	5869.000	HXB2_base	tat_exon1	0	0	0	0	0	0	0	0	0	2	0	0	2
5874	5874	5874.000	HXB2_base	tat_exon1	0	0	0	0	0	0	1	0	0	0	0	0	1
5875	5875	5875.000	HXB2_base	tat_exon1	0	2	0	0	0	0	0	0	0	0	0	0	2
5878	5878	5878.000	HXB2_base	tat_exon1	0	0	0	0	0	3	0	0	0	0	0	0	3
5886	5886	5886.000	HXB2_base	tat_exon1	0	0	0	0	0	0	3	0	0	0	0	0	3
5891	5891	5891.000	HXB2_base	tat_exon1	0	0	0	0	0	0	1	0	0	0	0	0	1
5892	5892	5892.000	HXB2_base	tat_exon1	0	0	0	4	0	0	0	0	0	0	0	0	4
5899	5899	5899.000	HXB2_base	tat_exon1	0	0	0	0	0	1	0	0	0	0	0	0	1
5902	5902	5902.000	HXB2_base	tat_exon1	0	0	0	0	0	0	0	0	0	0	0	2	2
5910	5910	5910.000	HXB2_base	tat_exon1	0	0	0	0	0	0	1	0	0	0	0	0	1
5917	5917	5917.000	HXB2_base	tat_exon1	0	0	0	0	0	0	1	0	0	0	0	0	1
5921	5921	5921.000	HXB2_base	tat_exon1	0	0	4	0	0	0	0	0	0	0	0	0	4
5936	5936	5936.000	HXB2_base	tat_exon1	2	0	0	0	0	0	0	0	0	0	0	0	2
5953	5953	5953.000	HXB2_base	tat_exon1	0	0	0	0	0	0	2	0	0	0	0	0	2
5981	5981	5981.000	HXB2_base	rev_exon1,tat_exon1	0	1	0	0	0	0	0	0	0	0	0	0	1
5988	5988	5988.000	HXB2_base	rev_exon1,tat_exon1	0	2	0	0	0	0	0	0	0	0	0	0	2
5994	5994	5994.000	HXB2_base	rev_exon1,tat_exon1	0	0	0	0	0	0	1	0	0	0	0	0	1
6006	6006	6006.000	HXB2_base	rev_exon1,tat_exon1	2	0	0	0	0	0	0	0	0	0	0	0	2
6009	6009	6009.000	HXB2_base	rev_exon1,tat_exon1	3	0	0	0	0	0	0	0	0	0	0	0	3
6013	6013	6013.000	HXB2_base	rev_exon1,tat_exon1	0	0	0	0	0	1	0	0	0	0	0	0	1
6032	6032	6032.000	HXB2_base	rev_exon1,tat_exon1	0	0	0	0	0	4	0	0	0	0	0	0	4
6038	6038	6038.000	HXB2_base	rev_exon1,tat_exon1	0	0	0	0	0	4	0	0	0	0	0	0	4
6039	6039	6039.000	HXB2_base	rev_exon1,tat_exon1	0	0	0	0	2	0	0	0	0	0	0	0	2
6048	6048	6048.000	HXB2_base	intergenic_or_unassigned	0	0	0	0	0	0	1	0	0	0	0	0	1
6052|6053.ins1	6052|6053	6052.500	HXB2_insertion_segment	intergenic_or_unassigned	0	0	0	2	0	0	0	0	0	0	0	0	2
6054	6054	6054.000	HXB2_base	intergenic_or_unassigned	0	0	0	0	0	0	0	0	0	2	0	0	2
6055	6055	6055.000	HXB2_base	intergenic_or_unassigned	1	0	0	0	0	0	0	0	0	0	0	0	1
6057	6057	6057.000	HXB2_base	intergenic_or_unassigned	0	2	0	0	0	0	0	0	0	0	0	0	2
6058	6058	6058.000	HXB2_base	intergenic_or_unassigned	0	0	0	0	0	0	0	0	0	1	0	0	1
6059	6059	6059.000	HXB2_base	intergenic_or_unassigned	0	0	0	0	0	0	0	1	0	0	0	0	1
6061	6061	6061.000	HXB2_base	intergenic_or_unassigned	2	1	0	0	0	0	0	0	0	0	0	0	3
6065	6065	6065.000	HXB2_base	vpu	0	0	2	0	0	0	0	0	0	0	0	0	2
6066	6066	6066.000	HXB2_base	vpu	0	0	0	7	0	0	0	0	0	0	0	0	7
6076	6076	6076.000	HXB2_base	vpu	0	0	2	0	0	0	0	0	0	0	0	0	2
6083	6083	6083.000	HXB2_base	vpu	0	0	0	0	0	0	0	0	0	0	0	10	10
6098	6098	6098.000	HXB2_base	vpu	0	0	0	0	0	0	5	0	0	0	0	0	5
6104	6104	6104.000	HXB2_base	vpu	0	0	0	0	0	0	1	0	0	0	0	0	1
6124	6124	6124.000	HXB2_base	vpu	0	0	0	0	0	0	0	0	7	0	0	0	7
6134	6134	6134.000	HXB2_base	vpu	0	0	0	0	0	0	0	0	0	0	10	0	10
6154	6154	6154.000	HXB2_base	vpu	0	1	0	0	0	0	0	0	0	0	0	0	1
6166	6166	6166.000	HXB2_base	vpu	0	4	0	0	0	0	6	0	0	0	0	0	10
6168	6168	6168.000	HXB2_base	vpu	0	1	0	0	0	0	0	0	0	0	0	0	1
6169	6169	6169.000	HXB2_base	vpu	0	0	0	0	0	0	1	0	0	0	0	0	1
6170	6170	6170.000	HXB2_base	vpu	0	1	0	0	0	0	0	0	0	0	0	0	1
6171	6171	6171.000	HXB2_base	vpu	0	0	0	0	0	0	1	0	0	0	0	0	1
6172	6172	6172.000	HXB2_base	vpu	0	1	0	0	0	0	0	0	0	0	0	0	1
6174	6174	6174.000	HXB2_base	vpu	0	1	0	0	0	0	0	0	0	0	0	0	1
6181	6181	6181.000	HXB2_base	vpu	0	0	0	0	0	1	0	0	0	0	0	0	1
6183	6183	6183.000	HXB2_base	vpu	0	6	0	0	0	0	0	0	0	0	0	0	6
6235	6235	6235.000	HXB2_base	gp120,vpu	0	0	0	0	0	0	0	0	0	0	0	1	1
6243	6243	6243.000	HXB2_base	gp120,vpu	0	1	0	0	0	0	0	0	0	0	0	0	1
6248	6248	6248.000	HXB2_base	gp120,vpu	0	0	0	0	0	0	0	2	0	0	0	0	2
6255	6255	6255.000	HXB2_base	gp120,vpu	0	0	0	0	0	1	0	0	0	0	0	0	1
6265	6265	6265.000	HXB2_base	gp120,vpu	0	0	0	0	0	5	0	0	0	0	0	0	5
6268	6268	6268.000	HXB2_base	gp120,vpu	0	0	0	0	0	0	0	0	1	0	0	0	1
6269	6269	6269.000	HXB2_base	gp120,vpu	0	0	0	0	0	0	1	0	0	0	0	0	1
6270	6270	6270.000	HXB2_base	gp120,vpu	0	1	0	0	0	0	0	0	0	0	0	0	1
6271	6271	6271.000	HXB2_base	gp120,vpu	0	0	0	0	0	0	2	0	0	0	0	0	2
6272	6272	6272.000	HXB2_base	gp120,vpu	0	1	0	0	0	0	1	0	0	0	0	0	2
6273	6273	6273.000	HXB2_base	gp120,vpu	0	0	0	0	0	0	0	0	0	1	0	2	3
6274	6274	6274.000	HXB2_base	gp120,vpu	0	0	0	0	0	0	0	0	1	0	0	0	1
6276	6276	6276.000	HXB2_base	gp120,vpu	0	0	0	0	0	0	1	0	0	0	0	0	1
6277	6277	6277.000	HXB2_base	gp120,vpu	0	1	0	0	0	0	0	0	0	0	0	0	1
6280	6280	6280.000	HXB2_base	gp120,vpu	0	0	0	0	0	0	0	0	0	0	7	0	7
6281	6281	6281.000	HXB2_base	gp120,vpu	0	0	0	0	0	1	0	0	0	0	0	0	1
6290	6290	6290.000	HXB2_base	gp120,vpu	0	0	0	0	0	0	0	0	0	3	0	0	3
6296	6296	6296.000	HXB2_base	gp120,vpu	0	0	0	0	0	0	1	0	0	0	0	0	1
6297	6297	6297.000	HXB2_base	gp120,vpu	0	0	0	0	0	0	0	0	0	1	0	0	1
6299	6299	6299.000	HXB2_base	gp120,vpu	0	0	0	0	0	0	2	0	0	0	0	0	2
6304	6304	6304.000	HXB2_base	gp120,vpu	0	0	0	0	0	2	0	0	0	0	0	0	2
6307	6307	6307.000	HXB2_base	gp120,vpu	0	0	0	0	0	0	1	0	0	0	0	0	1
6315	6315	6315.000	HXB2_base	gp120	0	0	0	0	0	0	0	0	0	0	0	2	2
6319	6319	6319.000	HXB2_base	gp120	0	0	0	0	0	0	1	0	0	0	0	0	1
6320	6320	6320.000	HXB2_base	gp120	0	0	0	0	0	2	0	0	0	0	0	0	2
6323	6323	6323.000	HXB2_base	gp120	0	0	0	1	0	0	0	0	0	0	0	0	1
6331	6331	6331.000	HXB2_base	gp120	0	0	0	0	0	0	0	0	0	0	1	0	1
6338	6338	6338.000	HXB2_base	gp120	0	0	0	0	0	1	0	0	0	0	0	0	1
6339	6339	6339.000	HXB2_base	gp120	0	0	0	0	0	0	0	0	0	0	1	0	1
6360	6360	6360.000	HXB2_base	gp120	0	0	0	0	0	0	0	5	0	0	0	0	5
6361	6361	6361.000	HXB2_base	gp120	0	0	0	0	0	0	5	0	0	0	0	0	5
6362	6362	6362.000	HXB2_base	gp120	0	1	0	0	0	0	0	0	0	0	0	0	1
6363	6363	6363.000	HXB2_base	gp120	0	0	0	0	0	0	4	0	0	0	0	0	4
6365	6365	6365.000	HXB2_base	gp120	0	0	0	0	0	0	0	0	0	1	0	0	1
6366	6366	6366.000	HXB2_base	gp120	0	0	0	0	0	0	1	0	0	0	0	0	1
6371	6371	6371.000	HXB2_base	gp120	0	0	2	0	0	0	0	0	0	0	0	0	2
6381	6381	6381.000	HXB2_base	gp120	0	0	0	0	0	0	0	0	0	1	0	0	1
6386	6386	6386.000	HXB2_base	gp120	0	0	0	0	0	0	0	0	0	0	1	0	1
6403	6403	6403.000	HXB2_base	gp120	0	0	0	1	0	1	0	2	0	0	0	0	4
6408	6408	6408.000	HXB2_base	gp120	0	7	0	0	0	0	0	0	0	0	0	0	7
6419	6419	6419.000	HXB2_base	gp120	0	2	0	0	0	0	10	0	0	0	0	0	12
6449	6449	6449.000	HXB2_base	gp120	0	1	0	0	0	0	0	0	0	0	0	0	1
6452	6452	6452.000	HXB2_base	gp120	0	0	0	0	0	4	0	0	0	0	0	0	4
6456	6456	6456.000	HXB2_base	gp120	0	8	0	0	0	0	0	0	0	0	0	0	8
6467	6467	6467.000	HXB2_base	gp120	0	2	0	0	0	0	0	0	0	0	0	0	2
6474	6474	6474.000	HXB2_base	gp120	0	7	0	0	0	0	0	0	0	0	0	0	7
6478	6478	6478.000	HXB2_base	gp120	0	0	0	0	0	0	0	0	0	0	0	1	1
6479	6479	6479.000	HXB2_base	gp120	9	0	0	0	0	0	0	0	0	0	0	0	9
6483|6484.ins3	6483|6484	6483.500	HXB2_insertion_segment	gp120	0	7	0	0	0	0	0	0	0	0	0	0	7
6484	6484	6484.000	HXB2_base	gp120	0	0	0	0	0	0	0	0	0	2	0	0	2
6530	6530	6530.000	HXB2_base	gp120	0	0	0	0	0	0	0	0	0	2	0	0	2
6567	6567	6567.000	HXB2_base	gp120	0	2	0	0	0	0	0	0	0	0	0	0	2
6587	6587	6587.000	HXB2_base	gp120	0	0	0	0	0	0	1	0	0	0	0	0	1
6593	6593	6593.000	HXB2_base	gp120	0	2	0	0	0	0	0	0	0	0	0	0	2
6618	6618	6618.000	HXB2_base	gp120	0	2	0	0	0	0	0	0	0	0	1	0	3
6621	6621	6621.000	HXB2_base	gp120	0	2	0	0	0	0	0	0	0	0	0	0	2
6622	6622	6622.000	HXB2_base	gp120	1	0	0	2	0	0	0	0	0	0	0	0	3
6624	6624	6624.000	HXB2_base	gp120	0	0	1	0	0	0	0	0	0	0	0	0	1
6625|6626.ins7	6625|6626	6625.500	HXB2_insertion_segment	gp120	0	0	1	0	0	0	0	0	0	0	0	0	1
6625|6626.ins9	6625|6626	6625.500	HXB2_insertion_segment	gp120	0	0	0	1	0	0	0	0	0	0	0	0	1
6625|6626.ins3	6625|6626	6625.500	HXB2_insertion_segment	gp120	0	0	0	0	0	1	0	0	0	0	0	0	1
6625|6626.ins10	6625|6626	6625.500	HXB2_insertion_segment	gp120	0	0	0	0	0	0	0	0	0	0	0	1	1
6627	6627	6627.000	HXB2_base	gp120	0	2	0	0	0	0	0	0	0	0	0	0	2
6628	6628	6628.000	HXB2_base	gp120	0	2	0	0	0	0	0	0	0	0	0	0	2
6629	6629	6629.000	HXB2_base	gp120	0	0	0	0	0	1	0	0	0	0	0	0	1
6631	6631	6631.000	HXB2_base	gp120	0	0	0	0	0	2	0	0	0	0	0	0	2
6635	6635	6635.000	HXB2_base	gp120	0	0	0	0	0	0	0	0	0	2	0	0	2
6638	6638	6638.000	HXB2_base	gp120	0	0	0	0	0	1	0	0	0	0	0	0	1
6639	6639	6639.000	HXB2_base	gp120	0	1	0	0	0	0	0	0	0	0	0	0	1
6642	6642	6642.000	HXB2_base	gp120	0	2	0	0	0	0	0	0	0	0	0	0	2
6644	6644	6644.000	HXB2_base	gp120	0	0	0	0	0	10	0	0	0	0	0	0	10
6645	6645	6645.000	HXB2_base	gp120	0	2	0	0	0	0	0	0	0	0	0	0	2
6646	6646	6646.000	HXB2_base	gp120	0	0	0	0	0	0	1	0	0	0	0	0	1
6652	6652	6652.000	HXB2_base	gp120	0	0	0	0	0	0	0	0	0	2	0	0	2
6653	6653	6653.000	HXB2_base	gp120	0	0	0	0	0	2	0	0	0	0	0	0	2
6655	6655	6655.000	HXB2_base	gp120	0	2	0	0	0	0	0	0	0	0	0	0	2
6659	6659	6659.000	HXB2_base	gp120	0	0	0	0	0	0	1	0	0	0	0	0	1
6664	6664	6664.000	HXB2_base	gp120	0	0	0	0	0	0	0	0	0	0	0	4	4
6665	6665	6665.000	HXB2_base	gp120	0	0	0	0	0	0	0	0	0	4	0	0	4
6670	6670	6670.000	HXB2_base	gp120	0	0	0	0	0	0	0	0	0	0	1	0	1
6671	6671	6671.000	HXB2_base	gp120	0	0	0	0	0	0	4	0	0	0	0	0	4
6680	6680	6680.000	HXB2_base	gp120	0	0	0	0	0	1	0	0	0	0	0	0	1
6682	6682	6682.000	HXB2_base	gp120	0	1	0	0	0	0	0	0	0	0	0	0	1
6683	6683	6683.000	HXB2_base	gp120	0	0	0	0	0	0	7	0	0	0	0	0	7
6686	6686	6686.000	HXB2_base	gp120	0	0	0	0	0	0	1	0	0	0	0	0	1
6705	6705	6705.000	HXB2_base	gp120	0	0	0	0	0	0	6	0	0	0	0	0	6
6715	6715	6715.000	HXB2_base	gp120	0	0	0	0	0	0	0	0	0	2	0	0	2
6717	6717	6717.000	HXB2_base	gp120	0	0	0	0	0	0	0	0	2	0	0	0	2
6728	6728	6728.000	HXB2_base	gp120	0	0	0	0	0	0	3	0	0	0	0	0	3
6759	6759	6759.000	HXB2_base	gp120	2	0	0	0	0	0	0	0	0	0	0	0	2
6765	6765	6765.000	HXB2_base	gp120	0	0	0	0	0	0	4	0	0	0	0	0	4
6770	6770	6770.000	HXB2_base	gp120	0	1	0	0	0	0	0	0	0	0	0	0	1
6778|6779.ins13	6778|6779	6778.500	HXB2_insertion_segment	gp120	0	0	0	2	0	0	0	0	0	0	0	0	2
6778|6779.ins10	6778|6779	6778.500	HXB2_insertion_segment	gp120	0	0	0	0	0	2	0	0	0	0	0	0	2
6778|6779.ins8	6778|6779	6778.500	HXB2_insertion_segment	gp120	0	0	0	0	0	0	2	0	0	0	0	0	2
6778|6779.ins7	6778|6779	6778.500	HXB2_insertion_segment	gp120	0	0	0	0	0	0	0	0	9	0	0	0	9
6781	6781	6781.000	HXB2_base	gp120	0	3	0	0	0	0	2	0	0	0	0	0	5
6782	6782	6782.000	HXB2_base	gp120	0	0	0	0	0	0	0	0	0	0	0	2	2
6785	6785	6785.000	HXB2_base	gp120	0	0	0	0	0	0	0	0	0	0	6	0	6
6790	6790	6790.000	HXB2_base	gp120	0	0	0	0	0	0	1	0	0	0	0	0	1
6791	6791	6791.000	HXB2_base	gp120	0	0	0	0	0	0	0	0	0	0	4	0	4
6792	6792	6792.000	HXB2_base	gp120	0	0	0	0	0	0	2	0	0	0	0	0	2
6801	6801	6801.000	HXB2_base	gp120	0	0	0	0	0	0	0	0	0	0	0	1	1
6802	6802	6802.000	HXB2_base	gp120	0	0	0	0	0	0	0	0	0	0	1	0	1
6806	6806	6806.000	HXB2_base	gp120	0	0	4	0	0	0	0	0	0	0	0	0	4
6817	6817	6817.000	HXB2_base	gp120	0	0	0	0	0	1	0	0	0	0	0	0	1
6820	6820	6820.000	HXB2_base	gp120	0	0	0	0	0	1	0	0	0	0	0	0	1
6822	6822	6822.000	HXB2_base	gp120	0	0	0	0	0	0	1	0	0	0	0	0	1
6833	6833	6833.000	HXB2_base	gp120	0	0	0	0	0	0	1	0	0	0	0	0	1
6835	6835	6835.000	HXB2_base	gp120	0	0	0	0	0	1	0	0	0	0	0	0	1
6883	6883	6883.000	HXB2_base	gp120	0	0	0	0	0	1	0	0	0	0	0	0	1
6900	6900	6900.000	HXB2_base	gp120	0	0	0	0	0	2	0	0	0	0	0	0	2
6905	6905	6905.000	HXB2_base	gp120	0	3	0	0	0	0	0	0	0	0	0	0	3
6970	6970	6970.000	HXB2_base	gp120	0	1	0	0	0	0	0	0	0	0	0	0	1
6978	6978	6978.000	HXB2_base	gp120	2	0	0	0	0	0	0	0	0	0	0	0	2
6985	6985	6985.000	HXB2_base	gp120	0	0	0	0	0	0	0	0	0	0	1	0	1
6987	6987	6987.000	HXB2_base	gp120	0	0	0	0	0	0	0	1	0	0	0	0	1
7004	7004	7004.000	HXB2_base	gp120	0	0	0	0	0	0	1	0	0	0	0	0	1
7015	7015	7015.000	HXB2_base	gp120	0	0	0	0	0	0	1	0	0	0	0	0	1
7016	7016	7016.000	HXB2_base	gp120	0	0	0	0	0	2	0	0	0	0	0	0	2
7038	7038	7038.000	HXB2_base	gp120	0	5	0	0	0	0	0	0	0	0	0	0	5
7040	7040	7040.000	HXB2_base	gp120	0	0	0	0	0	3	0	0	0	0	0	0	3
7043	7043	7043.000	HXB2_base	gp120	0	0	0	0	0	0	2	0	0	0	0	0	2
7050	7050	7050.000	HXB2_base	gp120	0	2	0	0	0	0	0	0	0	0	0	0	2
7066	7066	7066.000	HXB2_base	gp120	0	0	0	0	0	0	0	0	0	0	2	0	2
7083	7083	7083.000	HXB2_base	gp120	0	0	0	0	0	1	0	0	0	0	0	0	1
7085	7085	7085.000	HXB2_base	gp120	0	0	0	1	0	0	0	0	0	0	0	0	1
7087	7087	7087.000	HXB2_base	gp120	0	0	0	0	0	0	0	0	0	0	1	0	1
7091	7091	7091.000	HXB2_base	gp120	0	0	0	0	0	6	0	0	0	0	0	0	6
7109	7109	7109.000	HXB2_base	gp120	0	0	2	0	0	0	0	0	0	0	0	0	2
7154	7154	7154.000	HXB2_base	gp120	0	0	0	0	0	0	1	0	0	0	0	0	1
7166	7166	7166.000	HXB2_base	gp120	0	2	0	0	0	0	0	0	0	0	0	0	2
7180	7180	7180.000	HXB2_base	gp120	0	0	0	0	0	2	0	0	0	0	0	0	2
7187	7187	7187.000	HXB2_base	gp120	0	4	0	0	0	0	0	0	0	0	0	0	4
7218	7218	7218.000	HXB2_base	gp120	0	1	0	0	0	0	0	0	0	0	0	0	1
7228	7228	7228.000	HXB2_base	gp120	0	1	0	0	0	0	0	0	0	0	0	0	1
7230	7230	7230.000	HXB2_base	gp120	0	2	0	0	0	0	0	0	0	0	0	0	2
7231	7231	7231.000	HXB2_base	gp120	0	1	0	0	0	0	0	0	0	0	0	0	1
7239	7239	7239.000	HXB2_base	gp120	0	1	0	0	0	0	2	0	0	0	0	0	3
7240	7240	7240.000	HXB2_base	gp120	0	0	0	0	0	0	0	0	5	0	0	0	5
7242	7242	7242.000	HXB2_base	gp120	0	0	0	0	0	0	1	0	0	0	0	0	1
7250	7250	7250.000	HXB2_base	gp120	0	1	0	0	0	0	0	0	0	0	0	0	1
7252	7252	7252.000	HXB2_base	gp120	0	0	0	0	0	0	4	0	0	0	0	0	4
7256	7256	7256.000	HXB2_base	gp120	0	0	0	0	0	0	0	0	1	0	0	0	1
7271	7271	7271.000	HXB2_base	gp120	0	1	0	0	0	0	0	0	0	0	0	0	1
7272	7272	7272.000	HXB2_base	gp120	0	0	0	0	0	0	1	0	0	0	0	0	1
7274	7274	7274.000	HXB2_base	gp120	0	1	0	0	0	0	0	0	0	0	0	0	1
7277	7277	7277.000	HXB2_base	gp120	0	0	0	0	0	0	3	0	0	0	0	0	3
7295	7295	7295.000	HXB2_base	gp120	0	0	0	0	0	0	3	0	0	0	0	0	3
7300	7300	7300.000	HXB2_base	gp120	0	2	2	0	0	0	0	0	0	0	0	0	4
7301	7301	7301.000	HXB2_base	gp120	0	0	0	2	0	0	0	0	0	0	0	0	2
7303	7303	7303.000	HXB2_base	gp120	0	0	0	0	0	0	0	0	0	2	0	0	2
7308	7308	7308.000	HXB2_base	gp120	0	0	0	0	2	0	0	0	0	0	0	0	2
7316	7316	7316.000	HXB2_base	gp120	0	0	0	0	0	2	0	0	0	0	0	0	2
7317	7317	7317.000	HXB2_base	gp120	0	0	0	0	0	0	0	0	0	0	1	0	1
7329	7329	7329.000	HXB2_base	gp120	0	0	0	0	0	1	0	0	0	0	2	0	3
7330	7330	7330.000	HXB2_base	gp120	0	0	0	0	0	0	0	0	0	0	2	0	2
7342	7342	7342.000	HXB2_base	gp120	0	0	0	0	0	0	0	0	0	0	2	0	2
7343	7343	7343.000	HXB2_base	gp120	0	0	0	0	0	0	2	0	0	0	0	0	2
7346	7346	7346.000	HXB2_base	gp120	0	0	0	0	0	0	0	0	0	0	1	0	1
7347	7347	7347.000	HXB2_base	gp120	0	0	0	0	0	1	0	0	0	0	0	0	1
7389	7389	7389.000	HXB2_base	gp120	0	2	0	0	0	0	0	0	0	0	0	0	2
7390	7390	7390.000	HXB2_base	gp120	0	0	0	0	0	0	3	0	0	0	0	0	3
7391	7391	7391.000	HXB2_base	gp120	2	0	0	6	0	0	0	0	0	0	0	0	8
7392	7392	7392.000	HXB2_base	gp120	0	0	0	0	0	2	0	0	0	0	0	0	2
7393	7393	7393.000	HXB2_base	gp120	0	0	0	0	0	0	0	0	0	0	1	0	1
7394	7394	7394.000	HXB2_base	gp120	0	0	0	0	0	0	4	0	0	0	0	0	4
7411	7411	7411.000	HXB2_base	gp120	4	0	0	0	0	0	0	0	0	0	0	0	4
7420|7421.ins5	7420|7421	7420.500	HXB2_insertion_segment	gp120	0	0	0	0	0	0	0	0	0	2	1	0	3
7421	7421	7421.000	HXB2_base	gp120	0	0	0	0	0	0	0	0	0	3	2	0	5
7422	7422	7422.000	HXB2_base	gp120	0	0	0	0	0	0	0	0	0	0	4	0	4
7424	7424	7424.000	HXB2_base	gp120	0	0	0	0	0	0	0	0	4	0	0	0	4
7428	7428	7428.000	HXB2_base	gp120	0	0	0	0	0	0	0	0	0	1	0	0	1
7434	7434	7434.000	HXB2_base	gp120	0	0	0	0	0	0	1	0	0	0	0	0	1
7436	7436	7436.000	HXB2_base	gp120	1	0	1	0	0	0	0	0	0	0	0	0	2
7438	7438	7438.000	HXB2_base	gp120	0	0	1	0	0	0	0	0	0	0	0	0	1
7442	7442	7442.000	HXB2_base	gp120	0	0	0	0	0	0	0	0	0	1	0	0	1
7444	7444	7444.000	HXB2_base	gp120	0	0	0	0	0	0	3	0	0	0	0	0	3
7446	7446	7446.000	HXB2_base	gp120	0	1	0	0	0	0	0	0	0	0	0	0	1
7450	7450	7450.000	HXB2_base	gp120	0	0	0	0	0	0	7	0	0	0	0	0	7
7454	7454	7454.000	HXB2_base	gp120	0	0	0	2	0	2	0	0	0	0	0	0	4
7460	7460	7460.000	HXB2_base	gp120	0	0	0	0	0	0	3	0	0	0	0	0	3
7480	7480	7480.000	HXB2_base	gp120	0	2	0	0	0	0	0	0	0	0	0	0	2
7487	7487	7487.000	HXB2_base	gp120	0	0	0	0	0	0	1	0	0	0	0	0	1
7508	7508	7508.000	HXB2_base	gp120	0	1	0	0	0	0	0	0	0	0	0	0	1
7509	7509	7509.000	HXB2_base	gp120	0	0	0	0	0	0	3	0	0	0	0	0	3
7512	7512	7512.000	HXB2_base	gp120	0	0	0	0	0	0	1	0	0	0	0	0	1
7518	7518	7518.000	HXB2_base	gp120	0	0	0	1	0	0	0	0	0	0	0	0	1
7526	7526	7526.000	HXB2_base	gp120	0	0	0	0	0	0	3	0	0	0	0	0	3
7542	7542	7542.000	HXB2_base	gp120	0	0	0	0	0	0	1	0	0	0	0	0	1
7562	7562	7562.000	HXB2_base	gp120	0	0	0	0	0	0	2	0	0	0	0	0	2
7563	7563	7563.000	HXB2_base	gp120	0	0	0	0	0	0	0	0	0	0	1	0	1
7564	7564	7564.000	HXB2_base	gp120	0	0	0	0	0	1	0	0	0	0	0	0	1
7565	7565	7565.000	HXB2_base	gp120	0	0	1	0	0	0	0	0	0	0	0	0	1
7577	7577	7577.000	HXB2_base	gp120	0	2	0	0	0	0	0	0	0	0	0	0	2
7587	7587	7587.000	HXB2_base	gp120	0	0	0	0	0	0	1	0	0	0	0	0	1
7588	7588	7588.000	HXB2_base	gp120	0	0	0	0	0	0	0	0	0	0	4	0	4
7591	7591	7591.000	HXB2_base	gp120	0	1	0	0	0	0	0	0	0	0	0	0	1
7593	7593	7593.000	HXB2_base	gp120	0	0	0	0	0	0	1	0	0	0	0	0	1
7604	7604	7604.000	HXB2_base	gp120	0	0	0	0	2	0	0	0	0	0	0	0	2
7605	7605	7605.000	HXB2_base	gp120	0	1	0	0	0	0	0	0	0	0	0	0	1
7607|7608.ins6	7607|7608	7607.500	HXB2_insertion_segment	gp120	1	0	2	0	0	0	0	0	0	0	0	0	3
7607|7608.ins2	7607|7608	7607.500	HXB2_insertion_segment	gp120	0	0	0	0	0	0	0	0	0	2	3	0	5
7608	7608	7608.000	HXB2_base	gp120	0	2	0	0	0	0	0	0	0	0	0	0	2
7610	7610	7610.000	HXB2_base	gp120	0	0	0	0	0	0	0	0	0	0	2	0	2
7611	7611	7611.000	HXB2_base	gp120	0	5	0	0	0	0	0	0	0	0	0	0	5
7612	7612	7612.000	HXB2_base	gp120	0	2	1	0	0	0	0	0	0	0	0	0	3
7613	7613	7613.000	HXB2_base	gp120	0	0	0	0	0	0	0	0	0	5	0	0	5
7614	7614	7614.000	HXB2_base	gp120	0	0	0	0	0	0	7	0	0	0	0	0	7
7615	7615	7615.000	HXB2_base	gp120	4	0	0	0	0	0	0	0	0	0	0	0	4
7616	7616	7616.000	HXB2_base	gp120	0	0	0	4	0	3	0	0	0	0	0	0	7
7617	7617	7617.000	HXB2_base	gp120	0	5	0	0	0	0	0	0	0	0	0	0	5
7617|7618.ins1	7617|7618	7617.500	HXB2_insertion_segment	gp120	0	2	0	0	0	0	0	0	0	0	0	0	2
7618	7618	7618.000	HXB2_base	gp120	0	0	0	3	0	0	0	0	0	0	0	0	3
7630	7630	7630.000	HXB2_base	gp120	0	0	0	0	0	0	1	0	0	0	0	0	1
7631	7631	7631.000	HXB2_base	gp120	0	0	0	0	0	0	2	0	0	0	0	0	2
7634	7634	7634.000	HXB2_base	gp120	0	6	0	0	0	0	0	0	0	0	0	0	6
7635	7635	7635.000	HXB2_base	gp120	0	0	0	0	0	0	1	0	0	0	0	0	1
7652	7652	7652.000	HXB2_base	gp120	0	0	0	0	0	0	1	0	0	0	0	0	1
7655	7655	7655.000	HXB2_base	gp120	0	0	0	0	0	1	0	0	0	0	3	0	4
7659	7659	7659.000	HXB2_base	gp120	0	0	0	0	0	0	0	0	0	0	1	0	1
7666	7666	7666.000	HXB2_base	gp120	0	1	0	0	0	0	0	0	0	0	0	0	1
7676	7676	7676.000	HXB2_base	gp120	0	0	0	0	0	0	0	0	0	0	1	0	1
7695	7695	7695.000	HXB2_base	gp120	0	3	0	0	0	0	0	0	0	0	0	0	3
7703	7703	7703.000	HXB2_base	gp120	1	0	0	0	0	0	0	0	0	0	0	0	1
7706	7706	7706.000	HXB2_base	gp120	0	0	0	0	0	0	3	0	0	0	0	0	3
7718	7718	7718.000	HXB2_base	gp120	0	0	0	0	0	3	0	0	0	0	0	0	3
7723	7723	7723.000	HXB2_base	gp120	0	1	0	1	0	0	0	0	0	0	0	0	2
7724	7724	7724.000	HXB2_base	gp120	0	1	0	0	0	0	0	0	0	0	0	0	1
7729	7729	7729.000	HXB2_base	gp120	0	0	0	0	0	0	1	0	0	0	0	0	1
7743	7743	7743.000	HXB2_base	gp120	0	0	0	0	0	0	0	5	0	0	0	0	5
7753	7753	7753.000	HXB2_base	gp120	0	5	0	0	0	0	0	0	0	0	0	0	5
7754	7754	7754.000	HXB2_base	gp120	1	0	0	0	0	0	0	0	0	0	0	0	1
7770	7770	7770.000	HXB2_base	gp41	0	0	0	0	0	0	0	0	1	0	0	0	1
7776	7776	7776.000	HXB2_base	gp41	0	0	0	0	0	0	0	0	0	0	0	3	3
7784	7784	7784.000	HXB2_base	gp41	0	0	0	0	0	0	0	0	0	0	2	0	2
7786	7786	7786.000	HXB2_base	gp41	0	0	0	0	0	0	1	0	0	0	0	0	1
7794	7794	7794.000	HXB2_base	gp41	0	0	0	0	0	0	0	0	1	0	0	0	1
7808	7808	7808.000	HXB2_base	gp41	0	0	0	0	0	2	0	0	0	0	0	0	2
7820	7820	7820.000	HXB2_base	gp41	0	5	0	0	0	0	0	0	0	0	0	0	5
7827	7827	7827.000	HXB2_base	gp41	1	0	0	0	0	0	0	0	0	0	0	0	1
7857	7857	7857.000	HXB2_base	gp41	0	0	0	0	0	1	0	0	0	0	0	0	1
7913	7913	7913.000	HXB2_base	gp41	0	0	0	0	0	0	3	0	0	0	0	0	3
7929	7929	7929.000	HXB2_base	gp41	0	1	0	0	0	0	0	0	0	0	0	0	1
7930	7930	7930.000	HXB2_base	gp41	0	0	0	0	0	1	0	0	0	0	0	0	1
7931	7931	7931.000	HXB2_base	gp41	0	2	0	0	0	0	0	0	0	0	0	0	2
7952	7952	7952.000	HXB2_base	gp41	0	0	0	0	0	1	0	0	0	0	0	0	1
7967	7967	7967.000	HXB2_base	gp41	0	0	0	0	0	0	0	0	5	0	0	0	5
7998	7998	7998.000	HXB2_base	gp41	0	0	0	0	0	0	0	0	0	0	1	0	1
8022	8022	8022.000	HXB2_base	gp41	0	1	0	0	0	0	0	0	0	0	0	0	1
8023	8023	8023.000	HXB2_base	gp41	0	1	0	0	0	0	0	0	0	0	0	0	1
8024	8024	8024.000	HXB2_base	gp41	0	0	0	1	0	0	0	0	0	0	0	0	1
8039	8039	8039.000	HXB2_base	gp41	0	0	0	0	0	4	0	0	0	0	0	0	4
8044	8044	8044.000	HXB2_base	gp41	0	0	0	0	0	1	0	0	0	0	0	0	1
8045	8045	8045.000	HXB2_base	gp41	0	0	0	0	0	0	0	0	0	0	1	0	1
8074	8074	8074.000	HXB2_base	gp41	0	0	0	0	0	0	1	0	0	0	0	0	1
8079	8079	8079.000	HXB2_base	gp41	0	0	0	0	0	6	0	0	0	0	0	0	6
8080	8080	8080.000	HXB2_base	gp41	0	0	0	0	0	0	4	0	0	0	0	0	4
8081	8081	8081.000	HXB2_base	gp41	1	0	0	0	0	0	0	0	0	0	0	0	1
8092|8093.ins2	8092|8093	8092.500	HXB2_insertion_segment	gp41	0	0	0	0	0	0	3	0	0	0	0	0	3
8093	8093	8093.000	HXB2_base	gp41	0	0	0	0	0	0	1	0	0	0	0	0	1
8109	8109	8109.000	HXB2_base	gp41	2	0	0	0	0	0	0	0	0	0	0	0	2
8112	8112	8112.000	HXB2_base	gp41	0	0	0	0	0	0	1	0	0	0	0	0	1
8131	8131	8131.000	HXB2_base	gp41	2	0	0	0	0	0	0	0	0	0	0	0	2
8143	8143	8143.000	HXB2_base	gp41	0	0	0	0	0	0	7	0	0	0	0	0	7
8144	8144	8144.000	HXB2_base	gp41	0	0	0	3	0	0	0	0	0	0	0	0	3
8145	8145	8145.000	HXB2_base	gp41	0	0	0	3	0	0	0	0	0	0	0	0	3
8146	8146	8146.000	HXB2_base	gp41	0	2	0	0	0	2	0	0	0	0	0	0	4
8154	8154	8154.000	HXB2_base	gp41	2	1	0	0	0	0	0	0	0	0	0	0	3
8155	8155	8155.000	HXB2_base	gp41	0	4	0	0	0	0	2	0	0	0	0	0	6
8164	8164	8164.000	HXB2_base	gp41	0	2	0	0	0	0	0	0	0	0	0	0	2
8167	8167	8167.000	HXB2_base	gp41	0	0	0	0	0	0	0	0	0	2	0	0	2
8174	8174	8174.000	HXB2_base	gp41	0	1	0	0	0	0	0	0	0	0	0	0	1
8175	8175	8175.000	HXB2_base	gp41	0	0	0	0	0	0	2	0	0	0	0	0	2
8176	8176	8176.000	HXB2_base	gp41	0	0	2	0	0	0	0	0	0	0	0	0	2
8188	8188	8188.000	HXB2_base	gp41	0	0	0	0	0	0	5	0	0	0	0	0	5
8227	8227	8227.000	HXB2_base	gp41	0	0	0	1	0	0	4	0	0	0	0	0	5
8253	8253	8253.000	HXB2_base	gp41	1	0	0	0	0	0	0	0	0	0	0	0	1
8254	8254	8254.000	HXB2_base	gp41	0	1	0	0	0	0	0	0	0	0	0	0	1
8255	8255	8255.000	HXB2_base	gp41	0	0	4	0	0	0	0	0	1	0	0	0	5
8261	8261	8261.000	HXB2_base	gp41	0	0	0	0	0	0	1	0	0	0	0	0	1
8262	8262	8262.000	HXB2_base	gp41	0	0	0	0	0	0	0	0	0	0	1	0	1
8272	8272	8272.000	HXB2_base	gp41	0	0	0	0	0	0	1	0	0	0	0	0	1
8273	8273	8273.000	HXB2_base	gp41	0	4	0	0	0	0	0	0	0	0	0	0	4
8285	8285	8285.000	HXB2_base	gp41	0	0	0	0	0	0	1	0	0	0	0	0	1
8305	8305	8305.000	HXB2_base	gp41	0	0	0	0	1	0	0	0	0	0	0	0	1
8306	8306	8306.000	HXB2_base	gp41	0	0	0	0	0	0	0	0	0	0	2	0	2
8322	8322	8322.000	HXB2_base	gp41	0	1	0	0	0	0	0	0	0	0	0	0	1
8328	8328	8328.000	HXB2_base	gp41	0	0	0	2	0	0	0	0	0	0	0	0	2
8343	8343	8343.000	HXB2_base	gp41	0	1	0	0	0	0	0	0	0	0	0	0	1
8369	8369	8369.000	HXB2_base	gp41	0	0	0	0	0	0	3	0	0	0	0	0	3
8383	8383	8383.000	HXB2_base	gp41,rev_exon2,tat_exon2	0	0	2	0	0	0	0	0	0	0	0	0	2
8390	8390	8390.000	HXB2_base	gp41,rev_exon2,tat_exon2	0	5	0	0	0	0	0	0	0	0	0	0	5
8395	8395	8395.000	HXB2_base	gp41,rev_exon2,tat_exon2	0	1	0	0	0	0	0	0	0	0	0	0	1
8401	8401	8401.000	HXB2_base	gp41,rev_exon2,tat_exon2	0	3	0	0	0	0	0	0	0	0	0	0	3
8415	8415	8415.000	HXB2_base	gp41,rev_exon2,tat_exon2	0	0	0	0	0	0	1	0	0	0	0	0	1
8416	8416	8416.000	HXB2_base	gp41,rev_exon2,tat_exon2	0	0	0	0	0	0	1	0	0	0	0	0	1
8431	8431	8431.000	HXB2_base	gp41,rev_exon2,tat_exon2	0	0	0	0	0	0	0	0	1	0	0	0	1
8434	8434	8434.000	HXB2_base	gp41,rev_exon2,tat_exon2	0	0	0	0	0	0	1	0	0	0	0	0	1
8444	8444	8444.000	HXB2_base	gp41,rev_exon2,tat_exon2	0	1	0	0	0	0	0	0	0	0	0	0	1
8452	8452	8452.000	HXB2_base	gp41,rev_exon2,tat_exon2	0	0	0	0	0	0	3	0	0	0	0	0	3
8453	8453	8453.000	HXB2_base	gp41,rev_exon2,tat_exon2	0	0	0	2	0	0	0	0	0	0	0	0	2
8464	8464	8464.000	HXB2_base	gp41,rev_exon2,tat_exon2	0	0	0	0	0	0	0	2	0	0	0	0	2
8472	8472	8472.000	HXB2_base	gp41,rev_exon2	4	0	0	0	0	0	0	0	0	0	0	0	4
8477	8477	8477.000	HXB2_base	gp41,rev_exon2	0	2	0	0	0	0	0	0	0	0	0	0	2
8486	8486	8486.000	HXB2_base	gp41,rev_exon2	0	3	0	0	0	0	0	0	0	0	0	0	3
8491	8491	8491.000	HXB2_base	gp41,rev_exon2	0	0	0	0	0	0	0	0	0	0	2	0	2
8492	8492	8492.000	HXB2_base	gp41,rev_exon2	0	0	0	0	0	0	0	4	0	0	0	0	4
8496	8496	8496.000	HXB2_base	gp41,rev_exon2	0	2	0	0	0	0	0	0	0	0	0	0	2
8504	8504	8504.000	HXB2_base	gp41,rev_exon2	0	0	0	0	0	0	0	0	0	0	2	0	2
8512	8512	8512.000	HXB2_base	gp41,rev_exon2	0	0	0	0	0	0	0	0	0	0	1	0	1
8539	8539	8539.000	HXB2_base	gp41,rev_exon2	0	0	0	0	5	0	0	0	0	0	0	0	5
8540	8540	8540.000	HXB2_base	gp41,rev_exon2	5	0	0	0	0	0	0	0	0	0	0	0	5
8549	8549	8549.000	HXB2_base	gp41,rev_exon2	0	3	0	0	0	0	0	0	0	0	0	0	3
8551	8551	8551.000	HXB2_base	gp41,rev_exon2	0	0	0	0	0	0	0	0	0	0	6	0	6
8559	8559	8559.000	HXB2_base	gp41,rev_exon2	0	0	0	0	0	0	6	0	0	0	0	0	6
8570	8570	8570.000	HXB2_base	gp41,rev_exon2	0	0	0	0	0	0	1	0	0	0	0	0	1
8571	8571	8571.000	HXB2_base	gp41,rev_exon2	0	6	0	0	0	0	0	0	0	0	0	0	6
8574	8574	8574.000	HXB2_base	gp41,rev_exon2	4	0	0	0	0	0	0	0	0	0	0	0	4
8584	8584	8584.000	HXB2_base	gp41,rev_exon2	0	0	0	0	0	0	2	0	0	0	0	0	2
8585|8586.ins7	8585|8586	8585.500	HXB2_insertion_segment	gp41,rev_exon2	0	0	0	0	0	1	0	0	0	0	0	0	1
8588	8588	8588.000	HXB2_base	gp41,rev_exon2	0	0	0	0	0	0	4	0	0	0	0	0	4
8590	8590	8590.000	HXB2_base	gp41,rev_exon2	0	0	0	0	5	0	0	0	0	0	0	0	5
8603	8603	8603.000	HXB2_base	gp41,rev_exon2	0	0	0	0	0	0	0	0	0	0	6	0	6
8619	8619	8619.000	HXB2_base	gp41,rev_exon2	6	0	0	0	0	0	0	0	0	0	0	0	6
8627	8627	8627.000	HXB2_base	gp41,rev_exon2	0	4	0	0	0	0	6	0	0	0	0	0	10
8630	8630	8630.000	HXB2_base	gp41,rev_exon2	0	0	0	0	0	0	0	0	0	0	7	0	7
8636	8636	8636.000	HXB2_base	gp41,rev_exon2	0	0	0	0	0	0	0	0	6	0	0	0	6
8644	8644	8644.000	HXB2_base	gp41,rev_exon2	0	0	0	0	0	0	0	0	0	0	1	0	1
8649	8649	8649.000	HXB2_base	gp41,rev_exon2	0	1	0	0	0	0	0	0	0	0	0	0	1
8650	8650	8650.000	HXB2_base	gp41,rev_exon2	0	1	0	0	0	0	0	0	0	0	0	0	1
8657	8657	8657.000	HXB2_base	gp41	0	0	0	0	0	7	0	0	0	0	0	0	7
8670	8670	8670.000	HXB2_base	gp41	0	0	0	0	0	0	2	0	0	0	0	0	2
8676	8676	8676.000	HXB2_base	gp41	0	0	0	0	0	0	5	0	0	0	0	0	5
8679	8679	8679.000	HXB2_base	gp41	0	0	0	0	0	0	1	0	0	0	0	0	1
8685	8685	8685.000	HXB2_base	gp41	0	4	0	0	0	0	1	0	0	0	0	0	5
8688	8688	8688.000	HXB2_base	gp41	0	5	0	0	0	0	0	0	0	0	0	0	5
8689	8689	8689.000	HXB2_base	gp41	0	0	0	0	0	5	0	0	0	0	0	0	5
8695	8695	8695.000	HXB2_base	gp41	0	5	0	0	0	0	0	0	0	0	0	0	5
8696	8696	8696.000	HXB2_base	gp41	0	2	0	0	0	0	0	0	0	0	0	0	2
8708	8708	8708.000	HXB2_base	gp41	0	0	0	0	0	0	1	0	0	0	0	0	1
8719	8719	8719.000	HXB2_base	gp41	0	0	0	0	0	3	0	0	0	0	0	0	3
8722	8722	8722.000	HXB2_base	gp41	0	0	0	0	0	0	0	0	0	0	0	3	3
8727	8727	8727.000	HXB2_base	gp41	0	3	0	0	0	0	0	0	0	0	0	0	3
8731	8731	8731.000	HXB2_base	gp41	0	0	0	0	0	3	0	0	0	0	0	0	3
8739	8739	8739.000	HXB2_base	gp41	0	0	0	0	0	0	1	0	0	0	0	0	1
8740	8740	8740.000	HXB2_base	gp41	0	0	0	0	0	2	0	0	0	0	0	0	2
8744	8744	8744.000	HXB2_base	gp41	0	0	0	0	0	0	0	0	0	0	3	0	3
8749	8749	8749.000	HXB2_base	gp41	0	1	0	0	0	0	0	0	0	0	0	0	1
8756	8756	8756.000	HXB2_base	gp41	0	0	0	0	0	0	0	0	0	0	0	1	1
8759	8759	8759.000	HXB2_base	gp41	0	3	0	0	0	0	4	0	0	0	0	0	7
8776	8776	8776.000	HXB2_base	gp41	0	0	0	0	0	0	0	0	0	0	1	0	1
8777	8777	8777.000	HXB2_base	gp41	0	0	0	0	0	3	0	0	0	0	0	0	3
8779	8779	8779.000	HXB2_base	gp41	0	1	0	0	0	0	0	0	0	0	0	0	1
8791	8791	8791.000	HXB2_base	gp41	0	1	0	0	0	0	0	0	0	3	0	0	4
8796	8796	8796.000	HXB2_base	intergenic_or_unassigned	3	0	0	0	0	0	0	0	0	0	0	0	3
8803	8803	8803.000	HXB2_base	nef	0	6	0	0	0	0	0	0	0	0	0	0	6
8804	8804	8804.000	HXB2_base	nef	0	3	0	0	0	0	0	0	0	0	0	0	3
8810	8810	8810.000	HXB2_base	nef	0	0	0	0	0	0	0	0	0	0	0	3	3
8823	8823	8823.000	HXB2_base	nef	0	0	0	0	0	0	0	0	8	0	0	0	8
8827	8827	8827.000	HXB2_base	nef	0	0	0	0	0	0	1	0	0	0	0	0	1
8840	8840	8840.000	HXB2_base	nef	0	1	0	0	0	0	0	0	0	0	0	0	1
8847	8847	8847.000	HXB2_base	nef	0	0	0	0	0	0	1	0	0	0	0	0	1
8854	8854	8854.000	HXB2_base	nef	0	0	0	0	0	1	0	0	0	0	0	0	1
8856	8856	8856.000	HXB2_base	nef	0	0	0	0	0	0	1	0	0	0	0	0	1
8863|8864.ins2	8863|8864	8863.500	HXB2_insertion_segment	nef	0	0	0	0	0	0	0	0	0	0	7	0	7
8865|8866.ins15	8865|8866	8865.500	HXB2_insertion_segment	nef	0	0	0	0	0	0	4	0	0	0	0	0	4
8879	8879	8879.000	HXB2_base	nef	0	0	0	3	0	0	0	0	0	0	0	0	3
8883	8883	8883.000	HXB2_base	nef	0	4	0	0	0	0	0	0	0	0	0	0	4
8891	8891	8891.000	HXB2_base	nef	0	0	0	0	0	1	0	0	0	0	0	0	1
8900	8900	8900.000	HXB2_base	nef	0	0	0	0	0	0	3	0	0	0	0	0	3
8907	8907	8907.000	HXB2_base	nef	0	0	0	0	0	0	1	0	0	0	0	0	1
8909	8909	8909.000	HXB2_base	nef	0	0	0	3	0	0	0	0	0	0	0	0	3
8928	8928	8928.000	HXB2_base	nef	0	0	0	0	0	0	0	0	1	0	0	0	1
8937	8937	8937.000	HXB2_base	nef	0	0	0	0	0	0	0	0	0	0	3	0	3
8963	8963	8963.000	HXB2_base	nef	0	0	0	1	0	0	0	0	0	0	0	0	1
8967	8967	8967.000	HXB2_base	nef	0	0	0	0	0	0	2	0	0	0	0	0	2
8970	8970	8970.000	HXB2_base	nef	0	1	0	0	0	0	0	0	0	0	0	0	1
8976	8976	8976.000	HXB2_base	nef	0	0	0	0	0	0	3	0	0	0	0	0	3
8979	8979	8979.000	HXB2_base	nef	0	1	0	0	0	0	0	0	0	0	0	0	1
8980	8980	8980.000	HXB2_base	nef	0	3	0	0	0	0	0	0	0	0	0	0	3
8990	8990	8990.000	HXB2_base	nef	0	3	0	0	0	0	0	0	0	0	0	0	3
8991	8991	8991.000	HXB2_base	nef	0	0	0	0	0	0	3	0	0	0	0	0	3
9000	9000	9000.000	HXB2_base	nef	0	0	0	0	0	0	0	0	0	0	1	0	1
9003	9003	9003.000	HXB2_base	nef	0	0	1	0	0	0	0	0	0	0	0	0	1
9005	9005	9005.000	HXB2_base	nef	0	0	0	0	0	0	0	0	0	0	1	0	1
9006	9006	9006.000	HXB2_base	nef	1	0	0	0	0	0	0	0	0	0	0	0	1
9007	9007	9007.000	HXB2_base	nef	0	2	0	0	0	0	0	0	0	0	0	0	2
9029	9029	9029.000	HXB2_base	nef	0	0	0	1	0	0	0	0	0	0	0	0	1
9035	9035	9035.000	HXB2_base	nef	0	0	0	0	0	1	0	0	0	0	0	0	1
9048	9048	9048.000	HXB2_base	nef	0	0	0	0	0	3	0	0	0	0	0	0	3
9057	9057	9057.000	HXB2_base	nef	0	0	0	0	0	3	0	0	0	0	0	0	3
9066	9066	9066.000	HXB2_base	nef	0	0	0	0	0	0	0	0	0	0	1	0	1
9094	9094	9094.000	HXB2_base	nef	0	0	0	0	0	12	0	0	0	0	0	0	12
9100	9100	9100.000	HXB2_base	nef	0	0	0	0	0	12	0	0	0	0	0	0	12
9107	9107	9107.000	HXB2_base	nef	0	0	0	0	0	0	3	0	0	0	0	0	3
9114	9114	9114.000	HXB2_base	nef	0	0	0	0	0	0	1	0	0	0	0	0	1
9127	9127	9127.000	HXB2_base	nef	0	0	0	0	0	0	0	0	1	0	0	0	1
9129	9129	9129.000	HXB2_base	nef	0	0	0	0	0	3	0	0	0	0	0	0	3
9141	9141	9141.000	HXB2_base	nef	0	0	0	0	0	3	0	0	0	0	0	0	3
9169	9169	9169.000	HXB2_base	nef	0	0	0	0	0	0	0	1	0	0	0	0	1
9203	9203	9203.000	HXB2_base	nef	0	0	0	0	0	1	0	0	0	0	0	0	1
9215	9215	9215.000	HXB2_base	nef	0	0	0	0	0	0	1	0	0	0	0	0	1
9248	9248	9248.000	HXB2_base	nef	0	0	0	0	0	1	0	0	0	0	0	0	1
9264	9264	9264.000	HXB2_base	nef	0	0	0	1	0	0	0	0	0	0	0	0	1
9293	9293	9293.000	HXB2_base	nef	1	0	0	0	0	0	0	0	0	0	0	0	1
9294	9294	9294.000	HXB2_base	nef	0	0	0	0	0	1	0	0	0	0	0	0	1
9301	9301	9301.000	HXB2_base	nef	0	1	0	0	0	0	0	0	0	0	0	0	1
9463	9463	9463.000	HXB2_base	intergenic_or_unassigned	0	1	0	0	0	0	0	0	0	0	0	0	1
9508	9508	9508.000	HXB2_base	intergenic_or_unassigned	0	0	0	0	0	0	0	0	0	0	1	0	1
9514	9514	9514.000	HXB2_base	intergenic_or_unassigned	0	0	0	0	0	0	0	0	0	0	1	0	1
9515	9515	9515.000	HXB2_base	intergenic_or_unassigned	0	1	0	0	0	0	0	0	0	0	0	0	1
9549	9549	9549.000	HXB2_base	intergenic_or_unassigned	0	0	0	0	0	0	0	0	0	0	1	0	1
