Stage	File	Columns
step02_patient_consensus	01_analysis_consensus_summary.tsv	Patient | Clone_n | MSA_length | SnapGene_consensus_name | SnapGene_N_total_n | SnapGene_N_resolved_to_base_n | SnapGene_N_resolved_to_gap_n | SnapGene_N_remained_no_unique_n | SnapGene_N_remained_low_coverage_n | Analysis_consensus_base_column_n | Analysis_consensus_gap_column_n | Analysis_consensus_no_unique_N_column_n | Analysis_consensus_low_coverage_N_column_n | Analysis_consensus_zero_callable_N_column_n
step02_patient_consensus	02_snapgene_N_resolution.tsv	Patient | MSA_col | HXB2_coordinate | Column_type | Gene | SnapGene_consensus | Clone_n | A_n | C_n | G_n | T_n | Gap_n | Missing_or_terminal_n | Callable_n | Callable_fraction | Major_state | Major_n | Major_fraction_of_all_clones | Major_fraction_of_callable | Analysis_consensus | Reason
step02_patient_consensus	03_snapgene_vs_analysis_consensus_differences.tsv	Patient | MSA_col | HXB2_coordinate | Column_type | Gene | SnapGene_consensus | Analysis_consensus | Reason | Clone_n | A_n | C_n | G_n | T_n | Gap_n | Missing_or_terminal_n | Callable_n | Callable_fraction | Major_state | Major_n | Major_fraction_of_all_clones | Major_fraction_of_callable
step02_patient_consensus	04_no_unique_consensus_sites.tsv	Patient | MSA_col | HXB2_coordinate | Column_type | Gene | Clone_n | A_n | C_n | G_n | T_n | Gap_n | Missing_or_terminal_n | Callable_n | Callable_fraction | Major_state | Major_n | Major_fraction_of_all_clones | Major_fraction_of_callable | No_unique_type
step02_patient_consensus	05_insufficient_callable_coverage_sites.tsv	Patient | MSA_col | HXB2_coordinate | Column_type | Gene | Clone_n | A_n | C_n | G_n | T_n | Gap_n | Missing_or_terminal_n | Callable_n | Callable_fraction | Major_state | Major_n | Major_fraction_of_all_clones | Major_fraction_of_callable | Analysis_consensus | Reason
step03_mutation_calls	01_clone_mutation_calls.tsv	Patient | Clone | MSA_col | HXB2_coordinate | Column_type | HXB2_gene_mapping_position | HXB2_insertion_anchor | Gene | Analysis_consensus_state | Clone_raw_state | Clone_interpreted_state | Clone_state_source | Mutation_type | Change
step03_mutation_calls	02_indel_events.tsv	Patient | Clone | Event_type | Event_index_within_clone | MSA_start | MSA_end | HXB2_start_coordinate | HXB2_end_coordinate | Genes | Event_length_alignment_columns | HXB2_base_column_n | HXB2_relative_insertion_column_n | Raw_clone_N_as_DEL_column_n | Event_locus_key
step03_mutation_calls	03_patient_mutation_summary.tsv	Patient | Clone_n | SNP_clone_call_n_all_alignment_columns | SNP_unique_site_n_all_alignment_columns | SNP_clone_call_n_HXB2_base_only | SNP_unique_site_n_HXB2_base_only | DEL_base_call_n | DEL_event_occurrence_n | DEL_unique_event_locus_n | INS_base_call_n | INS_event_occurrence_n | INS_unique_event_locus_n | Clone_N_as_DEL_base_call_n | Clone_N_as_DEL_event_occurrence_n | Consensus_no_unique_column_n | Consensus_low_coverage_column_n | Consensus_zero_callable_column_n
step03_mutation_calls	04_HXB2_base_position_mutation_counts.tsv	HXB2_position | Gene | SNP_clone_call_n | SNP_variant_clone_n | SNP_variant_patient_n | DEL_clone_call_n | DEL_variant_clone_n | DEL_variant_patient_n | INS_clone_call_n | INS_variant_clone_n | INS_variant_patient_n
step03_mutation_calls	05_HXB2_relative_insertion_event_counts.tsv	HXB2_insertion_anchor | Plot_x | Gene | INS_event_occurrence_n | INS_variant_clone_n | INS_variant_patient_n | INS_total_inserted_base_n | INS_min_event_length | INS_max_event_length
step03_mutation_calls	06_clone_N_as_DEL_QC.tsv	Patient | Clone | Raw_clone_N_total_n | Raw_clone_N_called_as_DEL_n | QC
step03_mutation_calls	07_mutation_calling_QC.tsv	Patient | Clone_n | MSA_length | Alignment_and_consensus_length_QC
step04a_mapping_bridge	01_mapping_consensus_summary.tsv	Patient | Clone_n | Original_patient_MSA_length | Mapping_consensus_length | Analysis_consensus_base_columns | No_unique_base_only_columns_retained_as_N | Consensus_gap_columns_excluded | No_unique_structural_columns_excluded | Low_coverage_columns_excluded | No_callable_columns_excluded
step04a_mapping_bridge	02_original_MSA_column_consensus_index.tsv	Patient | Original_patient_MSA_column | Analysis_consensus_state | Consensus_reason | Callable_clone_n | Total_clone_n | Callable_fraction | Callable_state_counts | Mapping_consensus_position | Mapping_inclusion_class
step04b_hxb2_mapping	01_mapping_consensus_to_HXB2.tsv	Patient | Mapping_consensus_position | Pairwise_alignment_column | Mapping_consensus_base | HXB2_state | HXB2_coordinate | Coordinate_class | HXB2_anchor | Plot_coordinate
step04b_hxb2_mapping	02_patient_HXB2_range_summary.tsv	Patient | Mapping_consensus_length | HXB2_start | HXB2_end | HXB2_span | HXB2_gap_columns_n | Query_bases_at_HXB2_gap_n | HXB2_bases_at_query_gap_n | Identity_ACGT_only
step04b_hxb2_mapping	07_addfragments_alignment_QC.tsv	Patient | Mapping_consensus_length | Addfragments_alignment_length | HXB2_gap_columns_n | Query_gap_columns_n | HXB2_start | HXB2_end | HXB2_span | Aligned_ACGT_pair_n | Exact_match_n | Identity_ACGT_only | Query_bases_at_HXB2_gap_n | HXB2_bases_at_query_gap_n | HXB2_sequence_integrity | Query_sequence_integrity
step05_final_mutation_projection	01_final_clone_mutation_calls.tsv	Patient | Clone | Original_patient_MSA_column | Mutation_type | SNP_type | Consensus_allele | Clone_allele | Final_HXB2_coordinate | Final_coordinate_class | Final_HXB2_anchor | Final_plot_coordinate | Final_genes | Coordinate_source | Projection_status | Analysis_consensus_state_at_MSA_column | Analysis_consensus_reason | Mapping_inclusion_class | Gap_block_ID | Gap_block_start_MSA_column | Gap_block_end_MSA_column | Gap_block_length_alignment_columns | Insertion_alignment_rank_in_gap_block | Left_flank_MSA_column | Left_flank_HXB2_coordinate | Right_flank_MSA_column | Right_flank_HXB2_coordinate | Coordinate_precision
step05_final_mutation_projection	02_final_indel_events.tsv	Patient | Clone | Event_ID | Event_type | Start_original_MSA_column | End_original_MSA_column | Event_length_bp | Start_HXB2_coordinate | End_HXB2_coordinate | Event_HXB2_locus | Plot_coordinate | Genes | Projection_status | Constituent_projection_statuses
step05_final_mutation_projection	03_projection_QC.tsv	Check | Observed | Expected | Status
step05_final_mutation_projection	04_insertion_block_QC.tsv	Patient | Gap_block_ID | Gap_block_start_MSA_column | Gap_block_end_MSA_column | Gap_block_length_alignment_columns | Left_flank_MSA_column | Left_flank_HXB2_coordinate | Right_flank_MSA_column | Right_flank_HXB2_coordinate | Insertion_HXB2_anchor | Insertion_plot_coordinate | Coordinate_precision | Block_projection_status
step05_final_mutation_projection	05_review_or_unmapped_calls.tsv	Patient | Clone | Original_patient_MSA_column | Mutation_type | SNP_type | Consensus_allele | Clone_allele | Final_HXB2_coordinate | Final_coordinate_class | Final_HXB2_anchor | Final_plot_coordinate | Final_genes | Coordinate_source | Projection_status | Analysis_consensus_state_at_MSA_column | Analysis_consensus_reason | Mapping_inclusion_class | Gap_block_ID | Gap_block_start_MSA_column | Gap_block_end_MSA_column | Gap_block_length_alignment_columns | Insertion_alignment_rank_in_gap_block | Left_flank_MSA_column | Left_flank_HXB2_coordinate | Right_flank_MSA_column | Right_flank_HXB2_coordinate | Coordinate_precision
step05_final_mutation_projection	06_final_patient_HXB2_ranges.tsv	Patient | Final_HXB2_start | Final_HXB2_end | Final_HXB2_span | Coordinate_framework
step05_final_mutation_projection	07_no_unique_consensus_regions.tsv	Patient | No_unique_class | Start_original_MSA_column | End_original_MSA_column | Length_alignment_columns | Left_anchor_HXB2_coordinate | Right_anchor_HXB2_coordinate | Display_interval
step06_patient_plot_tables	01_patient_plot_ready.tsv	Patient | Record_type | Mutation_type | SNP_type | Exact_HXB2_coordinate | HXB2_anchor | Plot_coordinate | Coordinate_class | Count_for_plot | Variant_clone_n | Event_n | Genes | Display_symbol | Event_length_bp_values | Event_IDs | Projection_status
step06_patient_plot_tables	02_all_patient_plot_ready.tsv	Mutation_type | SNP_type | HXB2_locus_or_anchor | Plot_coordinate | Patient_n | Patients | Total_variant_clone_n | Total_event_n | Exact_coordinate_n | Exact_coordinates | Genes | Display_symbol | Projection_status
step06_patient_plot_tables	03_patient_mutation_summary.tsv	Patient | SNP_call_n | DEL_event_n | INS_event_n | Total_indel_event_n
step06_patient_plot_tables	04_plot_data_QC.tsv	Check | Observed | Expected | Status
step06_patient_plot_tables	05_patient_panel_metadata.tsv	Patient | HXB2_start | HXB2_end | HXB2_span | Has_directional_mutation_records | No_unique_region_n
step06_patient_plot_tables	06_no_unique_consensus_regions.tsv	Patient | No_unique_class | Start_original_MSA_column | End_original_MSA_column | Length_alignment_columns | Left_anchor_HXB2_coordinate | Right_anchor_HXB2_coordinate | Display_interval
step07_cross_patient_dataset	01_SNP_locus_recurrence.tsv	HXB2_locus_or_anchor | Locus_class | Plot_coordinate | Patient_n | Patients | Total_variant_clone_n | Genes | Exact_coordinate_n | Exact_coordinates_observed | Substitution_type_n | A>C_patient_n | A>C_clone_n | A>G_patient_n | A>G_clone_n | A>T_patient_n | A>T_clone_n | C>A_patient_n | C>A_clone_n | C>G_patient_n | C>G_clone_n | C>T_patient_n | C>T_clone_n | G>A_patient_n | G>A_clone_n | G>C_patient_n | G>C_clone_n | G>T_patient_n | G>T_clone_n | T>A_patient_n | T>A_clone_n | T>C_patient_n | T>C_clone_n | T>G_patient_n | T>G_clone_n | Aggregation_note
step07_cross_patient_dataset	02_INDEL_locus_recurrence.tsv	Mutation_type | HXB2_locus_or_anchor | Aggregation_class | Plot_coordinate | Patient_n | Patients | Total_event_n | Total_variant_clone_n | Event_length_bp_values | Genes | Aggregation_note
step07_cross_patient_dataset	03_combined_plot_ready.tsv	Record_type | Mutation_type | HXB2_locus_or_anchor | Locus_class | Plot_coordinate | Patient_n | Patients | Total_variant_clone_n | Total_event_n | Genes | Primary_plot_metric | Display_recommendation | Aggregation_note
step07_cross_patient_dataset	04_patient_summary.tsv	Patient | Clone_n | Final_HXB2_start | Final_HXB2_end | Final_HXB2_span | Directional_SNP_call_n | Patient_SNP_locus_type_n | DEL_event_n | INS_event_n | Total_INDEL_event_n | No_unique_consensus_region_n | Special_structural_annotation
step07_cross_patient_dataset	05_HXB2_mapping_summary.tsv	Patient | HXB2_start | HXB2_end | HXB2_span | Coordinate_framework | Mutation_reference | HXB2_role | Coordinate_QC_status
step07_cross_patient_dataset	06_HXB2_gene_coordinates.tsv	Feature | HXB2_start | HXB2_end | Feature_type
step07_cross_patient_dataset	07_special_region_summary.tsv	Patient | Annotation_type | HXB2_start | HXB2_end | Length_nt_or_alignment_columns | Coordinate_precision | Evidence | Counted_as_clone_vs_consensus_mutation | Figure_annotation
step07_cross_patient_dataset	08_no_unique_consensus_regions.tsv	Patient | No_unique_class | Start_original_MSA_column | End_original_MSA_column | Length_alignment_columns | Left_anchor_HXB2_coordinate | Right_anchor_HXB2_coordinate | Display_interval
step07_cross_patient_dataset	09_large_missing_region_evidence.tsv	Patient | Annotation_type | Original_patient_MSA_start | Original_patient_MSA_end | Original_patient_MSA_length | Left_direct_MSA_column | Left_mapping_consensus_position | Left_HXB2_flank | Right_direct_MSA_column | Right_mapping_consensus_position | Right_HXB2_flank | HXB2_missing_start | HXB2_missing_end | HXB2_missing_length | Inferred_HXB2_missing_interval | Length_check | Coordinate_method | Interpretation
step07_cross_patient_dataset	10_source_file_manifest.tsv	Source_or_output | Role | Status
step07_cross_patient_dataset	11_final_data_QC.tsv	Check | Observed | Expected | Status
step08_figure2_plot_data	01_figure2_plotting_summary.tsv	Record_type | Mutation_type | HXB2_locus_or_anchor | Locus_class | Plot_coordinate | Patient_n | Patients | Total_variant_clone_n | Total_event_n | Genes | Recurrent_class | Substitution_pattern | Same_substitution_across_all_recurrent_patients | Substitution_patient_counts | Exact_coordinates_observed | Display_priority | Figure2_role | Interpretation
step08_figure2_plot_data	02_recurrent_SNP_sites.tsv	Record_type | Mutation_type | HXB2_locus_or_anchor | Locus_class | Plot_coordinate | Patient_n | Patients | Total_variant_clone_n | Total_event_n | Genes | Recurrent_class | Substitution_pattern | Same_substitution_across_all_recurrent_patients | Substitution_patient_counts | Exact_coordinates_observed | Display_priority | Figure2_role | Interpretation
step08_figure2_plot_data	03_SNP_recurrence_summary.tsv	Category | Count | Definition
step08_figure2_plot_data	04_INDEL_plotting_summary.tsv	Record_type | Mutation_type | HXB2_locus_or_anchor | Locus_class | Plot_coordinate | Patient_n | Patients | Total_variant_clone_n | Total_event_n | Genes | Recurrent_class | Substitution_pattern | Same_substitution_across_all_recurrent_patients | Substitution_patient_counts | Exact_coordinates_observed | Display_priority | Figure2_role | Interpretation
step08_figure2_plot_data	05_figure2_plot_QC.tsv	Check | Observed | Expected | Status
